,Year,Month,Day,Latitude,Longitude,Severity:WheatStemRust,Incidence:WheatStemRust,Severity:WheatYellowRust,Incidence:WheatYellowRust,Severity:WheatLeafRust,Incidence:WheatLeafRust,geometry,ID
0,2017,10,2,10.937,38.103,0.0,0.0,1.0,1.0,0.0,0.0,POINT (38.103 10.937),0
1,2017,10,2,10.938,38.053,0.0,0.0,0.0,0.0,0.0,0.0,POINT (38.053 10.938),1
2,2017,10,2,10.956,38.026,0.0,0.0,0.0,0.0,0.0,0.0,POINT (38.026 10.956),2
3,2017,10,2,10.96,37.993,0.0,0.0,0.0,0.0,0.0,0.0,POINT (37.993 10.96),3
4,2017,10,2,10.972,37.967,0.0,0.0,0.0,0.0,0.0,0.0,POINT (37.967 10.972),4
5,2017,10,2,11.012,37.939,0.0,0.0,0.0,0.0,0.0,0.0,POINT (37.939 11.012),5
6,2017,10,2,11.026,37.909,0.0,0.0,0.0,0.0,0.0,0.0,POINT (37.909 11.026),6
7,2017,10,2,11.042,37.839,0.0,0.0,1.0,1.0,0.0,0.0,POINT (37.839 11.042),7
8,2017,10,2,11.043,37.804,0.0,0.0,0.0,0.0,0.0,0.0,POINT (37.804 11.043),8
9,2017,10,2,11.054,37.902,0.0,0.0,0.0,0.0,0.0,0.0,POINT (37.902 11.054),9
10,2017,10,2,11.057,37.854,0.0,0.0,0.0,0.0,0.0,0.0,POINT (37.854 11.057),10
11,2017,10,2,11.058,37.802,0.0,0.0,0.0,0.0,0.0,0.0,POINT (37.802 11.058),11
12,2017,10,2,11.121,37.751,1.0,1.0,0.0,0.0,0.0,0.0,POINT (37.751 11.121),12
13,2017,10,2,11.139,37.71,1.0,1.0,0.0,0.0,1.0,2.0,POINT (37.71 11.139),13
14,2017,10,2,11.153,37.601,1.0,1.0,0.0,0.0,0.0,0.0,POINT (37.601 11.153),14
15,2017,10,2,11.225,37.537,0.0,0.0,0.0,0.0,0.0,0.0,POINT (37.537 11.225),15
16,2017,10,2,11.259,37.575,1.0,1.0,0.0,0.0,1.0,2.0,POINT (37.575 11.259),16
17,2017,10,3,10.38,39.262,0.0,0.0,0.0,0.0,0.0,0.0,POINT (39.262 10.38),17
18,2017,10,3,10.584,38.154,0.0,0.0,1.0,1.0,0.0,0.0,POINT (38.154 10.584),18
19,2017,10,3,10.633,38.156,0.0,0.0,0.0,0.0,0.0,0.0,POINT (38.156 10.633),19
20,2017,10,3,10.67,38.174,0.0,0.0,1.0,1.0,0.0,0.0,POINT (38.174 10.67),20
21,2017,10,3,10.704,38.159,1.0,1.0,2.0,1.0,0.0,0.0,POINT (38.159 10.704),21
22,2017,10,3,10.741,38.14,2.0,1.0,0.0,0.0,0.0,0.0,POINT (38.14 10.741),22
23,2017,10,3,10.743,38.106,1.0,1.0,0.0,0.0,0.0,0.0,POINT (38.106 10.743),23
24,2017,10,3,10.769,38.089,0.0,0.0,1.0,1.0,0.0,0.0,POINT (38.089 10.769),24
25,2017,10,3,10.802,38.101,0.0,0.0,0.0,0.0,0.0,0.0,POINT (38.101 10.802),25
26,2017,10,3,10.85,38.107,0.0,0.0,1.0,1.0,0.0,0.0,POINT (38.107 10.85),26
27,2017,10,3,10.874,38.242,0.0,0.0,0.0,0.0,0.0,0.0,POINT (38.242 10.874),27
28,2017,10,3,10.886,38.09,0.0,0.0,0.0,0.0,0.0,0.0,POINT (38.09 10.886),28
29,2017,10,3,10.886,38.187,0.0,0.0,0.0,0.0,0.0,0.0,POINT (38.187 10.886),29
30,2017,10,3,10.9,38.219,0.0,0.0,0.0,0.0,0.0,0.0,POINT (38.219 10.9),30
31,2017,10,3,10.907,38.087,0.0,0.0,0.0,0.0,0.0,0.0,POINT (38.087 10.907),31
32,2017,10,3,10.909,38.169,0.0,0.0,1.0,1.0,0.0,0.0,POINT (38.169 10.909),32
33,2017,10,3,10.925,38.124,0.0,0.0,1.0,1.0,0.0,0.0,POINT (38.124 10.925),33
34,2017,10,4,10.239,37.923,0.0,0.0,0.0,0.0,0.0,0.0,POINT (37.923 10.239),34
35,2017,10,4,10.239,37.956,0.0,0.0,1.0,1.0,0.0,0.0,POINT (37.956 10.239),35
36,2017,10,4,10.24,37.871,0.0,0.0,1.0,1.0,0.0,0.0,POINT (37.871 10.24),36
37,2017,10,4,10.254,37.902,0.0,0.0,0.0,0.0,0.0,0.0,POINT (37.902 10.254),37
38,2017,10,4,10.269,37.836,0.0,0.0,0.0,0.0,0.0,0.0,POINT (37.836 10.269),38
39,2017,10,4,10.285,37.803,0.0,0.0,0.0,0.0,0.0,0.0,POINT (37.803 10.285),39
40,2017,10,4,10.288,37.769,0.0,0.0,1.0,1.0,0.0,0.0,POINT (37.769 10.288),40
41,2017,10,4,10.352,37.7,0.0,0.0,0.0,0.0,0.0,0.0,POINT (37.7 10.352),41
42,2017,10,4,10.37,37.735,0.0,0.0,0.0,0.0,0.0,0.0,POINT (37.735 10.37),42
43,2017,10,4,10.371,37.602,0.0,0.0,0.0,0.0,0.0,0.0,POINT (37.602 10.371),43
44,2017,10,4,10.403,37.567,0.0,0.0,0.0,0.0,0.0,0.0,POINT (37.567 10.403),44
45,2017,10,4,10.403,37.737,0.0,0.0,0.0,0.0,0.0,0.0,POINT (37.737 10.403),45
46,2017,10,4,10.418,38.226,0.0,0.0,0.0,0.0,0.0,0.0,POINT (38.226 10.418),46
47,2017,10,4,10.418,38.287,1.0,1.0,1.0,1.0,0.0,0.0,POINT (38.287 10.418),47
48,2017,10,4,10.42,37.558,0.0,0.0,0.0,0.0,0.0,0.0,POINT (37.558 10.42),48
49,2017,10,4,10.42,37.725,0.0,0.0,1.0,1.0,0.0,0.0,POINT (37.725 10.42),49
50,2017,10,4,10.437,37.726,0.0,0.0,0.0,0.0,0.0,0.0,POINT (37.726 10.437),50
51,2017,10,4,10.458,37.738,0.0,0.0,2.0,3.0,0.0,0.0,POINT (37.738 10.458),51
52,2017,10,5,10.103,37.819,0.0,0.0,0.0,0.0,0.0,0.0,POINT (37.819 10.103),52
53,2017,10,5,10.109,37.802,0.0,0.0,0.0,0.0,0.0,0.0,POINT (37.802 10.109),53
54,2017,10,5,10.12,37.787,0.0,0.0,0.0,0.0,0.0,0.0,POINT (37.787 10.12),54
55,2017,10,5,10.139,37.772,0.0,0.0,0.0,0.0,0.0,0.0,POINT (37.772 10.139),55
56,2017,10,5,10.153,37.759,0.0,0.0,0.0,0.0,0.0,0.0,POINT (37.759 10.153),56
57,2017,10,5,10.155,37.754,0.0,0.0,0.0,0.0,0.0,0.0,POINT (37.754 10.155),57
58,2017,10,5,10.167,37.739,0.0,0.0,0.0,0.0,0.0,0.0,POINT (37.739 10.167),58
59,2017,10,5,10.174,37.738,0.0,0.0,0.0,0.0,0.0,0.0,POINT (37.738 10.174),59
60,2017,10,5,10.191,37.739,0.0,0.0,0.0,0.0,0.0,0.0,POINT (37.739 10.191),60
61,2017,10,5,10.223,37.476,0.0,0.0,0.0,0.0,0.0,0.0,POINT (37.476 10.223),61
62,2017,10,5,10.225,37.757,0.0,0.0,0.0,0.0,0.0,0.0,POINT (37.757 10.225),62
63,2017,10,5,10.235,37.484,0.0,0.0,0.0,0.0,0.0,0.0,POINT (37.484 10.235),63
64,2017,10,5,10.241,37.759,0.0,0.0,0.0,0.0,0.0,0.0,POINT (37.759 10.241),64
65,2017,10,5,10.242,37.484,0.0,0.0,0.0,0.0,0.0,0.0,POINT (37.484 10.242),65
66,2017,10,5,10.259,37.476,0.0,0.0,0.0,0.0,0.0,0.0,POINT (37.476 10.259),66
67,2017,10,5,10.274,37.485,0.0,0.0,0.0,0.0,0.0,0.0,POINT (37.485 10.274),67
68,2017,10,5,10.284,37.775,0.0,0.0,0.0,0.0,0.0,0.0,POINT (37.775 10.284),68
69,2017,10,5,10.288,37.485,0.0,0.0,0.0,0.0,0.0,0.0,POINT (37.485 10.288),69
70,2017,10,5,10.293,37.469,0.0,0.0,0.0,0.0,0.0,0.0,POINT (37.469 10.293),70
71,2017,10,5,10.305,37.476,0.0,0.0,0.0,0.0,0.0,0.0,POINT (37.476 10.305),71
72,2017,10,5,10.32,37.501,0.0,0.0,0.0,0.0,0.0,0.0,POINT (37.501 10.32),72
73,2017,10,5,10.336,37.51,0.0,0.0,0.0,0.0,0.0,0.0,POINT (37.51 10.336),73
74,2017,10,5,10.39,37.553,0.0,0.0,0.0,0.0,0.0,0.0,POINT (37.553 10.39),74
75,2017,10,5,10.473,37.559,0.0,0.0,0.0,0.0,0.0,0.0,POINT (37.559 10.473),75
76,2017,10,5,12.703,37.498,0.0,0.0,0.0,0.0,3.0,3.0,POINT (37.498 12.703),76
77,2017,10,5,12.723,37.503,0.0,0.0,0.0,0.0,0.0,0.0,POINT (37.503 12.723),77
78,2017,10,5,12.739,37.516,0.0,0.0,0.0,0.0,0.0,0.0,POINT (37.516 12.739),78
79,2017,10,5,12.752,37.545,0.0,0.0,0.0,0.0,0.0,0.0,POINT (37.545 12.752),79
80,2017,10,5,12.754,37.695,0.0,0.0,0.0,0.0,3.0,3.0,POINT (37.695 12.754),80
81,2017,10,5,12.754,37.707,0.0,0.0,0.0,0.0,,,POINT (37.707 12.754),81
82,2017,10,5,12.759,37.563,0.0,0.0,3.0,1.0,0.0,0.0,POINT (37.563 12.759),82
83,2017,10,5,12.759,37.672,0.0,0.0,0.0,0.0,,,POINT (37.672 12.759),83
84,2017,10,5,12.76,37.73,0.0,0.0,0.0,0.0,3.0,3.0,POINT (37.73 12.76),84
85,2017,10,5,12.764,37.59,0.0,0.0,0.0,0.0,,,POINT (37.59 12.764),85
86,2017,10,5,12.765,37.634,0.0,0.0,3.0,3.0,3.0,1.0,POINT (37.634 12.765),86
87,2017,10,5,12.765,37.659,0.0,0.0,0.0,0.0,0.0,0.0,POINT (37.659 12.765),87
88,2017,10,5,12.768,37.648,0.0,0.0,0.0,0.0,,,POINT (37.648 12.768),88
89,2017,10,5,12.776,37.636,0.0,0.0,0.0,0.0,0.0,0.0,POINT (37.636 12.776),89
90,2017,10,5,12.78,37.649,0.0,0.0,0.0,0.0,0.0,0.0,POINT (37.649 12.78),90
91,2017,10,5,12.802,37.692,0.0,0.0,0.0,0.0,2.0,2.0,POINT (37.692 12.802),91
92,2017,10,5,12.838,37.712,0.0,0.0,0.0,0.0,0.0,0.0,POINT (37.712 12.838),92
93,2017,10,5,12.856,37.732,0.0,0.0,0.0,0.0,,,POINT (37.732 12.856),93
94,2017,10,6,10.485,36.857,0.0,0.0,0.0,0.0,0.0,0.0,POINT (36.857 10.485),94
95,2017,10,6,10.501,36.868,0.0,0.0,0.0,0.0,0.0,0.0,POINT (36.868 10.501),95
96,2017,10,6,10.517,36.874,0.0,0.0,0.0,0.0,0.0,0.0,POINT (36.874 10.517),96
97,2017,10,6,10.555,36.909,0.0,0.0,0.0,0.0,0.0,0.0,POINT (36.909 10.555),97
98,2017,10,6,10.573,37.025,0.0,0.0,0.0,0.0,0.0,0.0,POINT (37.025 10.573),98
99,2017,10,6,10.585,36.904,0.0,0.0,0.0,0.0,0.0,0.0,POINT (36.904 10.585),99
100,2017,10,6,10.593,37.023,0.0,0.0,0.0,0.0,0.0,0.0,POINT (37.023 10.593),100
101,2017,10,6,10.605,36.905,0.0,0.0,0.0,0.0,0.0,0.0,POINT (36.905 10.605),101
102,2017,10,6,10.608,37.038,0.0,0.0,0.0,0.0,0.0,0.0,POINT (37.038 10.608),102
103,2017,10,6,10.625,36.921,0.0,0.0,0.0,0.0,0.0,0.0,POINT (36.921 10.625),103
104,2017,10,6,10.641,37.05,0.0,0.0,0.0,0.0,0.0,0.0,POINT (37.05 10.641),104
105,2017,10,6,10.652,36.953,0.0,0.0,0.0,0.0,0.0,0.0,POINT (36.953 10.652),105
106,2017,10,6,10.656,36.992,0.0,0.0,0.0,0.0,0.0,0.0,POINT (36.992 10.656),106
107,2017,10,6,10.658,36.97,0.0,0.0,0.0,0.0,0.0,0.0,POINT (36.97 10.658),107
108,2017,10,6,10.668,37.053,0.0,0.0,0.0,0.0,0.0,0.0,POINT (37.053 10.668),108
109,2017,10,6,10.677,37.019,0.0,0.0,0.0,0.0,0.0,0.0,POINT (37.019 10.677),109
110,2017,10,6,10.689,37.039,0.0,0.0,0.0,0.0,0.0,0.0,POINT (37.039 10.689),110
111,2017,10,6,10.72,37.057,0.0,0.0,0.0,0.0,0.0,0.0,POINT (37.057 10.72),111
112,2017,10,6,10.757,37.043,0.0,0.0,0.0,0.0,0.0,0.0,POINT (37.043 10.757),112
113,2017,10,6,12.895,37.733,0.0,0.0,0.0,0.0,0.0,0.0,POINT (37.733 12.895),113
114,2017,10,6,12.906,37.743,0.0,0.0,0.0,0.0,0.0,0.0,POINT (37.743 12.906),114
115,2017,10,6,12.941,37.744,0.0,0.0,0.0,0.0,0.0,0.0,POINT (37.744 12.941),115
116,2017,10,6,12.962,37.751,0.0,0.0,0.0,0.0,,,POINT (37.751 12.962),116
117,2017,10,6,12.998,37.778,0.0,0.0,0.0,0.0,0.0,0.0,POINT (37.778 12.998),117
118,2017,10,6,12.998,37.893,0.0,0.0,0.0,0.0,0.0,0.0,POINT (37.893 12.998),118
119,2017,10,6,13.006,37.885,0.0,0.0,0.0,0.0,3.0,3.0,POINT (37.885 13.006),119
120,2017,10,6,13.016,37.871,0.0,0.0,0.0,0.0,3.0,3.0,POINT (37.871 13.016),120
121,2017,10,6,13.018,37.866,0.0,0.0,0.0,0.0,2.0,3.0,POINT (37.866 13.018),121
122,2017,10,6,13.022,37.789,0.0,0.0,0.0,0.0,0.0,0.0,POINT (37.789 13.022),122
123,2017,10,6,13.029,37.85,0.0,0.0,0.0,0.0,0.0,0.0,POINT (37.85 13.029),123
124,2017,10,6,13.038,37.801,0.0,0.0,0.0,0.0,0.0,0.0,POINT (37.801 13.038),124
125,2017,10,6,13.04,37.839,0.0,0.0,0.0,0.0,0.0,0.0,POINT (37.839 13.04),125
126,2017,10,6,13.049,37.808,0.0,0.0,0.0,0.0,0.0,0.0,POINT (37.808 13.049),126
127,2017,10,6,13.054,37.883,0.0,0.0,0.0,0.0,0.0,0.0,POINT (37.883 13.054),127
128,2017,10,6,13.057,37.87,0.0,0.0,0.0,0.0,0.0,0.0,POINT (37.87 13.057),128
129,2017,10,6,13.077,37.832,0.0,0.0,0.0,0.0,0.0,0.0,POINT (37.832 13.077),129
130,2017,10,7,6.5926,39.098,0.0,0.0,1.0,1.0,0.0,0.0,POINT (39.098 6.5926),130
131,2017,10,7,6.5927,39.13,0.0,0.0,1.0,1.0,0.0,0.0,POINT (39.13 6.5927),131
132,2017,10,7,6.5969,39.158,0.0,0.0,1.0,1.0,0.0,0.0,POINT (39.158 6.5969),132
133,2017,10,7,6.5972,39.184,0.0,0.0,0.0,0.0,0.0,0.0,POINT (39.184 6.5972),133
134,2017,10,7,6.5998,39.09,0.0,0.0,0.0,0.0,0.0,0.0,POINT (39.09 6.5998),134
135,2017,10,7,7.0018,39.072,0.0,0.0,0.0,0.0,0.0,0.0,POINT (39.072 7.0018),135
136,2017,10,7,7.0027,39.043,0.0,0.0,2.0,3.0,0.0,0.0,POINT (39.043 7.0027),136
137,2017,10,7,7.0047,39.221,0.0,0.0,0.0,0.0,0.0,0.0,POINT (39.221 7.0047),137
138,2017,10,7,7.0096,39.002,0.0,0.0,2.0,3.0,0.0,0.0,POINT (39.002 7.0096),138
139,2017,10,7,7.0155,39.271,0.0,0.0,0.0,0.0,0.0,0.0,POINT (39.271 7.0155),139
140,2017,10,7,7.0163,39.568,0.0,0.0,1.0,3.0,0.0,0.0,POINT (39.568 7.0163),140
141,2017,10,7,7.0258,39.096,0.0,0.0,2.0,3.0,0.0,0.0,POINT (39.096 7.0258),141
142,2017,10,7,7.0309,39.083,0.0,0.0,0.0,0.0,0.0,0.0,POINT (39.083 7.0309),142
143,2017,10,7,7.0326,39.075,0.0,0.0,0.0,0.0,0.0,0.0,POINT (39.075 7.0326),143
144,2017,10,7,7.033,39.102,0.0,0.0,1.0,1.0,0.0,0.0,POINT (39.102 7.033),144
145,2017,10,7,7.0479,39.109,0.0,0.0,2.0,3.0,0.0,0.0,POINT (39.109 7.0479),145
146,2017,10,7,7.0849,39.125,0.0,0.0,1.0,1.0,0.0,0.0,POINT (39.125 7.0849),146
147,2017,10,7,7.1217,39.141,0.0,0.0,1.0,3.0,0.0,0.0,POINT (39.141 7.1217),147
148,2017,10,7,7.1468,39.154,0.0,0.0,2.0,3.0,0.0,0.0,POINT (39.154 7.1468),148
149,2017,10,7,7.1745,39.162,0.0,0.0,1.0,2.0,0.0,0.0,POINT (39.162 7.1745),149
150,2017,10,7,7.2108,39.157,0.0,0.0,1.0,3.0,0.0,0.0,POINT (39.157 7.2108),150
151,2017,10,7,7.2342,39.149,0.0,0.0,2.0,3.0,0.0,0.0,POINT (39.149 7.2342),151
152,2017,10,7,7.2579,39.149,0.0,0.0,2.0,3.0,0.0,0.0,POINT (39.149 7.2579),152
153,2017,10,7,7.2773,39.152,0.0,0.0,1.0,3.0,0.0,0.0,POINT (39.152 7.2773),153
154,2017,10,7,7.2992,39.153,0.0,0.0,1.0,3.0,0.0,0.0,POINT (39.153 7.2992),154
155,2017,10,7,7.8614,39.616,0.0,0.0,,,0.0,0.0,POINT (39.616 7.8614),155
156,2017,10,7,7.9293,39.605,0.0,0.0,3.0,3.0,0.0,0.0,POINT (39.605 7.9293),156
157,2017,10,7,8.0296,39.564,0.0,0.0,3.0,3.0,0.0,0.0,POINT (39.564 8.0296),157
158,2017,10,7,8.0855,39.541,0.0,0.0,,,0.0,0.0,POINT (39.541 8.0855),158
159,2017,10,7,8.1076,39.545,0.0,0.0,,,0.0,0.0,POINT (39.545 8.1076),159
160,2017,10,7,8.1607,39.535,0.0,0.0,,,0.0,0.0,POINT (39.535 8.1607),160
161,2017,10,7,8.2074,39.52,0.0,0.0,,,0.0,0.0,POINT (39.52 8.2074),161
162,2017,10,7,8.2591,39.513,0.0,0.0,2.0,2.0,0.0,0.0,POINT (39.513 8.2591),162
163,2017,10,7,8.2618,39.499,0.0,0.0,,,0.0,0.0,POINT (39.499 8.2618),163
164,2017,10,7,8.2789,39.413,0.0,0.0,,,0.0,0.0,POINT (39.413 8.2789),164
165,2017,10,7,8.2929,39.465,0.0,0.0,,,0.0,0.0,POINT (39.465 8.2929),165
166,2017,10,7,8.293,39.44,0.0,0.0,,,0.0,0.0,POINT (39.44 8.293),166
167,2017,10,7,13.1,37.85,0.0,0.0,0.0,0.0,0.0,0.0,POINT (37.85 13.1),167
168,2017,10,7,13.112,37.866,0.0,0.0,0.0,0.0,0.0,0.0,POINT (37.866 13.112),168
169,2017,10,7,13.127,37.992,0.0,0.0,0.0,0.0,0.0,0.0,POINT (37.992 13.127),169
170,2017,10,7,13.138,37.922,0.0,0.0,0.0,0.0,0.0,0.0,POINT (37.922 13.138),170
171,2017,10,7,13.14,37.94,0.0,0.0,0.0,0.0,0.0,0.0,POINT (37.94 13.14),171
172,2017,10,7,13.142,37.99,0.0,0.0,0.0,0.0,0.0,0.0,POINT (37.99 13.142),172
173,2017,10,7,13.148,37.981,0.0,0.0,0.0,0.0,0.0,0.0,POINT (37.981 13.148),173
174,2017,10,7,13.151,37.915,0.0,0.0,0.0,0.0,0.0,0.0,POINT (37.915 13.151),174
175,2017,10,7,13.155,37.979,0.0,0.0,0.0,0.0,0.0,0.0,POINT (37.979 13.155),175
176,2017,10,7,13.164,37.963,0.0,0.0,0.0,0.0,0.0,0.0,POINT (37.963 13.164),176
177,2017,10,7,13.168,37.901,0.0,0.0,0.0,0.0,0.0,0.0,POINT (37.901 13.168),177
178,2017,10,7,13.18,37.895,0.0,0.0,0.0,0.0,0.0,0.0,POINT (37.895 13.18),178
179,2017,10,8,8.0591,39.209,0.0,0.0,,,0.0,0.0,POINT (39.209 8.0591),179
180,2017,10,8,8.1106,39.228,0.0,0.0,1.0,1.0,0.0,0.0,POINT (39.228 8.1106),180
181,2017,10,8,8.2952,39.317,0.0,0.0,,,0.0,0.0,POINT (39.317 8.2952),181
182,2017,10,8,8.4328,39.864,0.0,0.0,,,0.0,0.0,POINT (39.864 8.4328),182
183,2017,10,8,8.4428,39.86,0.0,0.0,2.0,3.0,0.0,0.0,POINT (39.86 8.4428),183
184,2017,10,8,8.4557,39.86,0.0,0.0,,,0.0,0.0,POINT (39.86 8.4557),184
185,2017,10,8,8.4646,39.856,0.0,0.0,,,0.0,0.0,POINT (39.856 8.4646),185
186,2017,10,9,8.4797,39.167,,,2.0,3.0,,,POINT (39.167 8.4797),186
187,2017,10,9,8.5218,39.201,,,1.0,2.0,,,POINT (39.201 8.5218),187
188,2017,10,9,8.5949,39.152,,,1.0,2.0,1.0,1.0,POINT (39.152 8.5949),188
189,2017,10,9,8.6494,39.102,,,,,1.0,1.0,POINT (39.102 8.6494),189
190,2017,10,9,8.7469,39.226,1.0,1.0,2.0,3.0,,,POINT (39.226 8.7469),190
191,2017,10,9,8.7868,39.331,2.0,1.0,2.0,3.0,,,POINT (39.331 8.7868),191
192,2017,10,9,8.8061,39.3,,,1.0,2.0,,,POINT (39.3 8.8061),192
193,2017,10,9,8.8327,39.315,,,1.0,2.0,,,POINT (39.315 8.8327),193
194,2017,10,9,8.8613,39.389,1.0,1.0,,,,,POINT (39.389 8.8613),194
195,2017,10,9,8.8945,39.356,,,3.0,3.0,,,POINT (39.356 8.8945),195
196,2017,10,9,8.9217,39.401,,,1.0,1.0,,,POINT (39.401 8.9217),196
197,2017,10,9,10.653,39.1,0.0,0.0,0.0,0.0,0.0,0.0,POINT (39.1 10.653),197
198,2017,10,9,10.727,38.888,0.0,0.0,0.0,0.0,0.0,0.0,POINT (38.888 10.727),198
199,2017,10,10,7.5819,37.914,,,1.0,1.0,,,POINT (37.914 7.5819),199
200,2017,10,10,7.6822,38.011,,,1.0,1.0,,,POINT (38.011 7.6822),200
201,2017,10,10,7.7486,38.127,,,1.0,1.0,,,POINT (38.127 7.7486),201
202,2017,10,10,7.7838,38.141,,,1.0,3.0,,,POINT (38.141 7.7838),202
203,2017,10,10,7.9446,38.259,,,1.0,2.0,,,POINT (38.259 7.9446),203
204,2017,10,10,8.2231,38.473,,,1.0,1.0,,,POINT (38.473 8.2231),204
205,2017,10,10,8.3479,38.564,,,1.0,1.0,,,POINT (38.564 8.3479),205
206,2017,10,10,8.3974,38.607,,,1.0,1.0,,,POINT (38.607 8.3974),206
207,2017,10,10,8.4503,38.615,1.0,1.0,3.0,3.0,,,POINT (38.615 8.4503),207
208,2017,10,10,8.4529,38.615,,,2.0,3.0,,,POINT (38.615 8.4529),208
209,2017,10,10,8.5907,38.615,,,1.0,1.0,,,POINT (38.615 8.5907),209
210,2017,10,10,8.6213,38.639,,,2.0,3.0,,,POINT (38.639 8.6213),210
211,2017,10,10,8.6835,38.596,,,1.0,2.0,,,POINT (38.596 8.6835),211
212,2017,10,10,8.7375,38.649,,,1.0,2.0,,,POINT (38.649 8.7375),212
213,2017,10,10,8.8088,38.643,,,2.0,3.0,,,POINT (38.643 8.8088),213
214,2017,10,10,8.8729,38.658,,,3.0,3.0,,,POINT (38.658 8.8729),214
215,2017,10,10,10.325,39.234,0.0,0.0,0.0,0.0,0.0,0.0,POINT (39.234 10.325),215
216,2017,10,11,7.4869,37.854,,,1.0,1.0,,,POINT (37.854 7.4869),216
217,2017,10,11,14.223,39.301,0.0,0.0,1.0,1.0,1.0,2.0,POINT (39.301 14.223),217
218,2017,10,11,14.227,39.288,0.0,0.0,1.0,2.0,0.0,0.0,POINT (39.288 14.227),218
219,2017,10,11,14.485,39.381,1.0,1.0,0.0,0.0,0.0,0.0,POINT (39.381 14.485),219
220,2017,10,12,7.2912,37.768,,,1.0,1.0,,,POINT (37.768 7.2912),220
221,2017,10,12,7.3469,37.929,,,1.0,1.0,,,POINT (37.929 7.3469),221
222,2017,10,12,7.3583,37.897,,,1.0,1.0,,,POINT (37.897 7.3583),222
223,2017,10,12,7.4896,37.855,,,1.0,2.0,,,POINT (37.855 7.4896),223
224,2017,10,12,7.5146,37.871,,,1.0,1.0,,,POINT (37.871 7.5146),224
225,2017,10,12,7.5985,37.921,,,1.0,1.0,,,POINT (37.921 7.5985),225
226,2017,10,12,13.816,39.553,0.0,0.0,0.0,0.0,3.0,3.0,POINT (39.553 13.816),226
227,2017,10,12,13.855,39.605,1.0,2.0,1.0,1.0,1.0,2.0,POINT (39.605 13.855),227
228,2017,10,12,13.934,39.596,0.0,0.0,1.0,1.0,0.0,0.0,POINT (39.596 13.934),228
229,2017,10,12,13.958,39.597,1.0,1.0,1.0,2.0,1.0,2.0,POINT (39.597 13.958),229
230,2017,10,12,14.074,39.571,1.0,1.0,1.0,1.0,0.0,0.0,POINT (39.571 14.074),230
231,2017,10,12,14.166,39.56,0.0,0.0,0.0,0.0,0.0,0.0,POINT (39.56 14.166),231
232,2017,10,12,14.217,39.524,0.0,0.0,0.0,0.0,0.0,0.0,POINT (39.524 14.217),232
233,2017,10,12,14.228,39.503,0.0,0.0,0.0,0.0,0.0,0.0,POINT (39.503 14.228),233
234,2017,10,12,14.366,39.409,1.0,2.0,0.0,0.0,0.0,0.0,POINT (39.409 14.366),234
235,2017,10,12,14.393,39.393,1.0,1.0,3.0,3.0,0.0,0.0,POINT (39.393 14.393),235
236,2017,10,12,14.394,39.395,0.0,0.0,2.0,2.0,0.0,0.0,POINT (39.395 14.394),236
237,2017,10,12,14.394,39.397,1.0,1.0,2.0,3.0,0.0,0.0,POINT (39.397 14.394),237
238,2017,10,12,14.397,39.389,1.0,1.0,2.0,3.0,0.0,0.0,POINT (39.389 14.397),238
239,2017,10,12,14.435,39.363,1.0,2.0,0.0,0.0,0.0,0.0,POINT (39.363 14.435),239
240,2017,10,12,14.456,39.361,1.0,1.0,0.0,0.0,0.0,0.0,POINT (39.361 14.456),240
241,2017,10,13,7.9519,38.272,,,1.0,1.0,,,POINT (38.272 7.9519),241
242,2017,10,13,7.956,38.278,,,1.0,1.0,,,POINT (38.278 7.956),242
243,2017,10,13,7.9691,38.287,,,,,1.0,1.0,POINT (38.287 7.9691),243
244,2017,10,13,7.9917,38.308,,,2.0,2.0,,,POINT (38.308 7.9917),244
245,2017,10,13,8.0998,39.144,0.0,0.0,1.0,3.0,0.0,0.0,POINT (39.144 8.0998),245
246,2017,10,13,8.1334,39.154,0.0,0.0,2.0,3.0,0.0,0.0,POINT (39.154 8.1334),246
247,2017,10,13,8.1556,39.299,0.0,0.0,3.0,3.0,0.0,0.0,POINT (39.299 8.1556),247
248,2017,10,13,8.1672,39.248,0.0,0.0,0.0,0.0,0.0,0.0,POINT (39.248 8.1672),248
249,2017,10,13,8.1697,39.183,0.0,0.0,2.0,3.0,1.0,3.0,POINT (39.183 8.1697),249
250,2017,10,13,8.1715,39.287,0.0,0.0,0.0,0.0,0.0,0.0,POINT (39.287 8.1715),250
251,2017,10,13,8.1776,39.274,0.0,0.0,0.0,0.0,0.0,0.0,POINT (39.274 8.1776),251
252,2017,10,13,8.1812,39.215,0.0,0.0,1.0,3.0,1.0,3.0,POINT (39.215 8.1812),252
253,2017,10,13,8.1884,39.206,0.0,0.0,1.0,3.0,0.0,0.0,POINT (39.206 8.1884),253
254,2017,10,13,8.2029,39.405,0.0,0.0,2.0,3.0,0.0,0.0,POINT (39.405 8.2029),254
255,2017,10,13,8.2059,39.375,0.0,0.0,3.0,3.0,0.0,0.0,POINT (39.375 8.2059),255
256,2017,10,13,8.2135,39.388,0.0,0.0,3.0,3.0,0.0,0.0,POINT (39.388 8.2135),256
257,2017,10,13,8.2141,39.403,0.0,0.0,3.0,3.0,0.0,0.0,POINT (39.403 8.2141),257
258,2017,10,13,8.2206,39.401,0.0,0.0,3.0,3.0,0.0,0.0,POINT (39.401 8.2206),258
259,2017,10,13,8.2332,39.42,0.0,0.0,3.0,3.0,0.0,0.0,POINT (39.42 8.2332),259
260,2017,10,13,8.238,39.426,0.0,0.0,3.0,3.0,0.0,0.0,POINT (39.426 8.238),260
261,2017,10,13,8.2502,39.435,0.0,0.0,3.0,3.0,0.0,0.0,POINT (39.435 8.2502),261
262,2017,10,13,8.2591,39.446,0.0,0.0,1.0,3.0,0.0,0.0,POINT (39.446 8.2591),262
263,2017,10,13,8.2688,38.511,,,1.0,1.0,1.0,1.0,POINT (38.511 8.2688),263
264,2017,10,13,8.2698,39.469,0.0,0.0,1.0,1.0,0.0,0.0,POINT (39.469 8.2698),264
265,2017,10,13,8.2942,38.534,,,1.0,1.0,1.0,1.0,POINT (38.534 8.2942),265
266,2017,10,13,8.3423,38.563,,,1.0,1.0,,,POINT (38.563 8.3423),266
267,2017,10,13,8.4503,38.615,,,3.0,3.0,,,POINT (38.615 8.4503),267
268,2017,10,13,8.491,38.631,,,2.0,3.0,,,POINT (38.631 8.491),268
269,2017,10,13,8.5419,38.621,,,1.0,1.0,,,POINT (38.621 8.5419),269
270,2017,10,13,8.5776,38.64,,,1.0,1.0,,,POINT (38.64 8.5776),270
271,2017,10,13,8.6864,38.597,,,3.0,2.0,,,POINT (38.597 8.6864),271
272,2017,10,13,8.8016,38.642,,,1.0,1.0,,,POINT (38.642 8.8016),272
273,2017,10,13,8.8672,38.66,,,1.0,2.0,,,POINT (38.66 8.8672),273
274,2017,10,14,8.0154,39.107,0.0,0.0,0.0,0.0,0.0,0.0,POINT (39.107 8.0154),274
275,2017,10,14,8.0365,39.128,0.0,0.0,1.0,1.0,0.0,0.0,POINT (39.128 8.0365),275
276,2017,10,14,8.052,39.133,0.0,0.0,1.0,1.0,0.0,0.0,POINT (39.133 8.052),276
277,2017,10,14,8.0573,39.315,0.0,0.0,3.0,3.0,0.0,0.0,POINT (39.315 8.0573),277
278,2017,10,14,8.0586,39.299,0.0,0.0,3.0,3.0,0.0,0.0,POINT (39.299 8.0586),278
279,2017,10,14,8.0659,39.137,0.0,0.0,1.0,1.0,0.0,0.0,POINT (39.137 8.0659),279
280,2017,10,14,8.0663,39.266,0.0,0.0,1.0,1.0,0.0,0.0,POINT (39.266 8.0663),280
281,2017,10,14,8.0744,39.175,0.0,0.0,0.0,0.0,0.0,0.0,POINT (39.175 8.0744),281
282,2017,10,14,8.0748,39.22,0.0,0.0,0.0,0.0,0.0,0.0,POINT (39.22 8.0748),282
283,2017,10,14,8.0775,39.239,0.0,0.0,1.0,1.0,0.0,0.0,POINT (39.239 8.0775),283
284,2017,10,14,8.0789,39.323,0.0,0.0,1.0,3.0,0.0,0.0,POINT (39.323 8.0789),284
285,2017,10,14,8.0805,39.152,0.0,0.0,1.0,1.0,0.0,0.0,POINT (39.152 8.0805),285
286,2017,10,14,8.081,39.255,0.0,0.0,0.0,0.0,0.0,0.0,POINT (39.255 8.081),286
287,2017,10,14,8.0868,39.197,0.0,0.0,0.0,0.0,0.0,0.0,POINT (39.197 8.0868),287
288,2017,10,14,8.259,39.518,0.0,0.0,0.0,0.0,0.0,0.0,POINT (39.518 8.259),288
289,2017,10,14,8.2639,39.529,0.0,0.0,2.0,3.0,0.0,0.0,POINT (39.529 8.2639),289
290,2017,10,14,8.2704,39.546,0.0,0.0,2.0,3.0,0.0,0.0,POINT (39.546 8.2704),290
291,2017,10,14,8.2782,39.513,0.0,0.0,1.0,1.0,0.0,0.0,POINT (39.513 8.2782),291
292,2017,10,14,8.2887,39.562,0.0,0.0,1.0,2.0,0.0,0.0,POINT (39.562 8.2887),292
293,2017,10,14,11.601,38.941,0.0,0.0,0.0,0.0,0.0,0.0,POINT (38.941 11.601),293
294,2017,10,14,13.939,39.597,1.0,1.0,1.0,2.0,0.0,0.0,POINT (39.597 13.939),294
295,2017,10,14,13.995,39.467,1.0,1.0,1.0,1.0,0.0,0.0,POINT (39.467 13.995),295
296,2017,10,14,14.008,39.53,1.0,2.0,1.0,1.0,0.0,0.0,POINT (39.53 14.008),296
297,2017,10,14,14.011,39.536,2.0,3.0,1.0,1.0,0.0,0.0,POINT (39.536 14.011),297
298,2017,10,14,14.028,39.596,3.0,3.0,0.0,0.0,0.0,0.0,POINT (39.596 14.028),298
299,2017,10,15,7.3282,39.152,0.0,0.0,1.0,3.0,0.0,0.0,POINT (39.152 7.3282),299
300,2017,10,15,7.3488,39.144,0.0,0.0,2.0,3.0,0.0,0.0,POINT (39.144 7.3488),300
301,2017,10,15,7.3805,39.133,0.0,0.0,0.0,0.0,0.0,0.0,POINT (39.133 7.3805),301
302,2017,10,15,7.394,39.113,0.0,0.0,0.0,0.0,0.0,0.0,POINT (39.113 7.394),302
303,2017,10,15,7.4201,39.096,0.0,0.0,1.0,3.0,0.0,0.0,POINT (39.096 7.4201),303
304,2017,10,15,7.4405,39.094,0.0,0.0,0.0,0.0,0.0,0.0,POINT (39.094 7.4405),304
305,2017,10,15,7.4746,39.089,0.0,0.0,1.0,3.0,0.0,0.0,POINT (39.089 7.4746),305
306,2017,10,15,7.496,39.086,0.0,0.0,1.0,1.0,0.0,0.0,POINT (39.086 7.496),306
307,2017,10,15,7.5142,39.079,0.0,0.0,2.0,3.0,0.0,0.0,POINT (39.079 7.5142),307
308,2017,10,15,7.5414,39.074,0.0,0.0,1.0,3.0,0.0,0.0,POINT (39.074 7.5414),308
309,2017,10,15,12.518,39.495,1.0,2.0,0.0,0.0,0.0,0.0,POINT (39.495 12.518),309
310,2017,10,15,12.518,39.499,1.0,1.0,0.0,0.0,0.0,0.0,POINT (39.499 12.518),310
311,2017,10,15,12.519,39.5,1.0,1.0,0.0,0.0,0.0,0.0,POINT (39.5 12.519),311
312,2017,10,15,12.596,39.526,1.0,2.0,0.0,0.0,0.0,0.0,POINT (39.526 12.596),312
313,2017,10,15,12.597,39.526,1.0,2.0,0.0,0.0,0.0,0.0,POINT (39.526 12.597),313
314,2017,10,15,12.598,39.527,1.0,1.0,0.0,0.0,0.0,0.0,POINT (39.527 12.598),314
315,2017,10,16,13.693,39.603,1.0,3.0,0.0,0.0,0.0,0.0,POINT (39.603 13.693),315
316,2017,10,16,13.693,39.613,2.0,3.0,0.0,0.0,0.0,0.0,POINT (39.613 13.693),316
317,2017,10,16,13.693,39.617,2.0,3.0,1.0,1.0,0.0,0.0,POINT (39.617 13.693),317
318,2017,10,16,13.701,39.628,2.0,3.0,1.0,1.0,0.0,0.0,POINT (39.628 13.701),318
319,2017,10,16,13.703,39.633,2.0,3.0,1.0,1.0,0.0,0.0,POINT (39.633 13.703),319
320,2017,10,16,13.716,39.65,0.0,0.0,0.0,0.0,0.0,0.0,POINT (39.65 13.716),320
321,2017,10,16,13.716,39.657,1.0,3.0,0.0,0.0,0.0,0.0,POINT (39.657 13.716),321
322,2017,10,16,13.716,39.66,0.0,0.0,0.0,0.0,0.0,0.0,POINT (39.66 13.716),322
323,2017,10,16,13.762,39.594,2.0,3.0,1.0,2.0,,,POINT (39.594 13.762),323
324,2017,10,16,13.777,39.605,1.0,1.0,0.0,0.0,1.0,2.0,POINT (39.605 13.777),324
325,2017,10,16,13.898,39.597,1.0,2.0,0.0,0.0,,,POINT (39.597 13.898),325
326,2017,10,17,9.1175,38.992,,,1.0,1.0,,,POINT (38.992 9.1175),326
327,2017,10,17,9.1747,39.134,,,1.0,1.0,,,POINT (39.134 9.1747),327
328,2017,10,17,9.2036,39.158,,,1.0,3.0,,,POINT (39.158 9.2036),328
329,2017,10,17,9.2213,39.173,,,1.0,3.0,,,POINT (39.173 9.2213),329
330,2017,10,17,9.2306,39.177,,,2.0,3.0,,,POINT (39.177 9.2306),330
331,2017,10,17,9.2429,39.201,,,2.0,3.0,,,POINT (39.201 9.2429),331
332,2017,10,17,9.321,39.278,,,1.0,1.0,,,POINT (39.278 9.321),332
333,2017,10,17,9.3696,39.325,,,1.0,1.0,,,POINT (39.325 9.3696),333
334,2017,10,17,9.4424,39.37,,,3.0,3.0,,,POINT (39.37 9.4424),334
335,2017,10,17,9.5609,39.476,,,1.0,1.0,,,POINT (39.476 9.5609),335
336,2017,10,17,9.645,39.587,,,3.0,3.0,,,POINT (39.587 9.645),336
337,2017,10,17,13.754,39.593,1.0,1.0,0.0,0.0,3.0,3.0,POINT (39.593 13.754),337
338,2017,10,17,13.761,39.583,3.0,3.0,2.0,2.0,,,POINT (39.583 13.761),338
339,2017,10,17,13.762,39.582,3.0,3.0,1.0,1.0,0.0,0.0,POINT (39.582 13.762),339
340,2017,10,17,13.786,39.648,0.0,0.0,1.0,2.0,0.0,0.0,POINT (39.648 13.786),340
341,2017,10,17,13.801,39.662,0.0,0.0,1.0,2.0,0.0,0.0,POINT (39.662 13.801),341
342,2017,10,17,13.828,39.603,1.0,2.0,0.0,0.0,3.0,3.0,POINT (39.603 13.828),342
343,2017,10,18,9.6091,39.401,,,1.0,1.0,,,POINT (39.401 9.6091),343
344,2017,10,18,9.6565,39.298,,,1.0,3.0,,,POINT (39.298 9.6565),344
345,2017,10,18,9.6618,39.487,,,1.0,1.0,,,POINT (39.487 9.6618),345
346,2017,10,18,9.6975,39.262,1.0,1.0,,,,,POINT (39.262 9.6975),346
347,2017,10,18,9.7467,39.662,,,3.0,3.0,,,POINT (39.662 9.7467),347
348,2017,10,18,9.7858,39.196,,,1.0,1.0,,,POINT (39.196 9.7858),348
349,2017,10,18,9.7858,39.196,,,1.0,1.0,,,POINT (39.196 9.7858),349
350,2017,10,18,9.8523,39.205,,,1.0,2.0,,,POINT (39.205 9.8523),350
351,2017,10,18,9.8848,39.158,,,1.0,3.0,,,POINT (39.158 9.8848),351
352,2017,10,18,9.9064,39.158,,,1.0,1.0,,,POINT (39.158 9.9064),352
353,2017,10,18,9.9375,39.201,,,1.0,1.0,,,POINT (39.201 9.9375),353
354,2017,10,18,9.9817,39.23,,,2.0,3.0,,,POINT (39.23 9.9817),354
355,2017,10,18,13.425,39.571,1.0,1.0,1.0,2.0,0.0,0.0,POINT (39.571 13.425),355
356,2017,10,18,13.497,39.558,1.0,2.0,1.0,1.0,0.0,0.0,POINT (39.558 13.497),356
357,2017,10,18,13.533,39.563,1.0,2.0,2.0,3.0,0.0,0.0,POINT (39.563 13.533),357
358,2017,10,18,13.609,39.571,1.0,3.0,1.0,1.0,0.0,0.0,POINT (39.571 13.609),358
359,2017,10,19,8.0566,38.499,0.0,0.0,1.0,3.0,0.0,0.0,POINT (38.499 8.0566),359
360,2017,10,19,8.6282,38.515,0.0,0.0,1.0,1.0,0.0,0.0,POINT (38.515 8.6282),360
361,2017,10,19,8.6292,38.333,0.0,0.0,0.0,0.0,0.0,0.0,POINT (38.333 8.6292),361
362,2017,10,19,8.6494,38.574,0.0,0.0,0.0,0.0,0.0,0.0,POINT (38.574 8.6494),362
363,2017,10,19,8.6867,38.589,0.0,0.0,2.0,3.0,0.0,0.0,POINT (38.589 8.6867),363
364,2017,10,19,8.7543,38.654,0.0,0.0,1.0,3.0,0.0,0.0,POINT (38.654 8.7543),364
365,2017,10,19,8.8022,38.558,0.0,0.0,2.0,3.0,0.0,0.0,POINT (38.558 8.8022),365
366,2017,10,19,8.8554,38.658,0.0,0.0,1.0,3.0,0.0,0.0,POINT (38.658 8.8554),366
367,2017,10,19,8.8927,37.559,0.0,0.0,1.0,2.0,1.0,3.0,POINT (37.559 8.8927),367
368,2017,10,19,8.9668,37.92,0.0,0.0,1.0,2.0,0.0,0.0,POINT (37.92 8.9668),368
369,2017,10,19,8.9686,37.497,0.0,0.0,1.0,1.0,1.0,2.0,POINT (37.497 8.9686),369
370,2017,10,19,8.9958,37.061,0.0,0.0,2.0,3.0,0.0,0.0,POINT (37.061 8.9958),370
371,2017,10,19,9.2179,39.273,0.0,0.0,1.0,1.0,0.0,0.0,POINT (39.273 9.2179),371
372,2017,10,19,9.9996,39.749,,,2.0,3.0,,,POINT (39.749 9.9996),372
373,2017,10,19,10.029,39.746,3.0,1.0,1.0,3.0,,,POINT (39.746 10.029),373
374,2017,10,19,10.135,39.676,,,1.0,3.0,,,POINT (39.676 10.135),374
375,2017,10,19,10.15,39.302,,,1.0,1.0,,,POINT (39.302 10.15),375
376,2017,10,19,10.155,39.697,,,3.0,3.0,,,POINT (39.697 10.155),376
377,2017,10,19,10.156,39.768,,,1.0,1.0,,,POINT (39.768 10.156),377
378,2017,10,19,10.248,39.408,,,1.0,1.0,,,POINT (39.408 10.248),378
379,2017,10,19,10.291,39.492,,,1.0,2.0,,,POINT (39.492 10.291),379
380,2017,10,19,10.312,39.561,,,1.0,1.0,,,POINT (39.561 10.312),380
381,2017,10,19,10.323,39.651,,,1.0,2.0,,,POINT (39.651 10.323),381
382,2017,10,19,13.145,39.5,2.0,3.0,0.0,0.0,0.0,0.0,POINT (39.5 13.145),382
383,2017,10,19,13.292,39.485,1.0,2.0,2.0,3.0,0.0,0.0,POINT (39.485 13.292),383
384,2017,10,19,13.301,39.321,0.0,0.0,0.0,0.0,0.0,0.0,POINT (39.321 13.301),384
385,2017,10,19,13.301,39.384,1.0,2.0,2.0,2.0,1.0,2.0,POINT (39.384 13.301),385
386,2017,10,19,13.303,39.381,2.0,2.0,0.0,0.0,0.0,0.0,POINT (39.381 13.303),386
387,2017,10,19,13.303,39.45,2.0,3.0,0.0,0.0,0.0,0.0,POINT (39.45 13.303),387
388,2017,10,19,13.305,39.359,1.0,2.0,0.0,0.0,0.0,0.0,POINT (39.359 13.305),388
389,2017,10,19,13.31,39.48,2.0,3.0,0.0,0.0,0.0,0.0,POINT (39.48 13.31),389
390,2017,10,19,13.324,39.347,0.0,0.0,0.0,0.0,0.0,0.0,POINT (39.347 13.324),390
391,2017,10,19,13.337,39.366,1.0,2.0,0.0,0.0,1.0,2.0,POINT (39.366 13.337),391
392,2017,10,19,13.449,39.465,3.0,3.0,3.0,3.0,0.0,0.0,POINT (39.465 13.449),392
393,2017,10,19,13.456,39.557,1.0,1.0,0.0,0.0,0.0,0.0,POINT (39.557 13.456),393
394,2017,10,19,13.473,39.485,0.0,0.0,2.0,3.0,0.0,0.0,POINT (39.485 13.473),394
395,2017,10,20,8.3489,38.355,0.0,0.0,1.0,1.0,0.0,0.0,POINT (38.355 8.3489),395
396,2017,10,20,8.3688,38.353,0.0,0.0,1.0,1.0,0.0,0.0,POINT (38.353 8.3688),396
397,2017,10,20,9.2444,38.394,0.0,0.0,1.0,1.0,0.0,0.0,POINT (38.394 9.2444),397
398,2017,10,20,9.2854,38.377,0.0,0.0,1.0,2.0,0.0,0.0,POINT (38.377 9.2854),398
399,2017,10,20,9.7391,39.219,0.0,0.0,1.0,3.0,0.0,0.0,POINT (39.219 9.7391),399
400,2017,10,20,9.7884,39.188,0.0,0.0,1.0,1.0,0.0,0.0,POINT (39.188 9.7884),400
401,2017,10,20,9.8384,39.21,0.0,0.0,0.0,0.0,0.0,0.0,POINT (39.21 9.8384),401
402,2017,10,20,9.8843,39.158,1.0,1.0,1.0,3.0,0.0,0.0,POINT (39.158 9.8843),402
403,2017,10,20,10.411,39.268,0.0,0.0,0.0,0.0,0.0,0.0,POINT (39.268 10.411),403
404,2017,10,20,11.051,39.538,1.0,1.0,1.0,1.0,,,POINT (39.538 11.051),404
405,2017,10,20,11.086,39.555,1.0,1.0,,,,,POINT (39.555 11.086),405
406,2017,10,20,11.086,39.556,1.0,1.0,,,,,POINT (39.556 11.086),406
407,2017,10,20,11.089,39.643,1.0,1.0,,,,,POINT (39.643 11.089),407
408,2017,10,20,11.09,39.704,,,,,3.0,3.0,POINT (39.704 11.09),408
409,2017,10,20,13.647,39.128,1.0,2.0,0.0,0.0,0.0,0.0,POINT (39.128 13.647),409
410,2017,10,20,13.647,39.135,3.0,3.0,0.0,0.0,0.0,0.0,POINT (39.135 13.647),410
411,2017,10,20,13.65,39.128,1.0,3.0,0.0,0.0,0.0,0.0,POINT (39.128 13.65),411
412,2017,10,20,13.651,39.127,0.0,0.0,1.0,1.0,0.0,0.0,POINT (39.127 13.651),412
413,2017,10,20,13.653,39.126,0.0,0.0,0.0,0.0,0.0,0.0,POINT (39.126 13.653),413
414,2017,10,20,13.68,39.151,1.0,1.0,0.0,0.0,0.0,0.0,POINT (39.151 13.68),414
415,2017,10,21,8.9782,37.632,0.0,0.0,1.0,1.0,0.0,0.0,POINT (37.632 8.9782),415
416,2017,10,21,9.3895,39.346,0.0,0.0,1.0,1.0,0.0,0.0,POINT (39.346 9.3895),416
417,2017,10,21,9.4532,39.382,0.0,0.0,1.0,3.0,0.0,0.0,POINT (39.382 9.4532),417
418,2017,10,21,9.5559,39.48,0.0,0.0,1.0,3.0,0.0,0.0,POINT (39.48 9.5559),418
419,2017,10,21,9.6194,39.369,0.0,0.0,0.0,0.0,0.0,0.0,POINT (39.369 9.6194),419
420,2017,10,21,9.6558,39.397,0.0,0.0,0.0,0.0,0.0,0.0,POINT (39.397 9.6558),420
421,2017,10,21,9.6873,39.272,0.0,0.0,1.0,1.0,1.0,2.0,POINT (39.272 9.6873),421
422,2017,10,21,11.24,39.685,,,,,1.0,1.0,POINT (39.685 11.24),422
423,2017,10,21,11.733,38.998,,,3.0,3.0,,,POINT (38.998 11.733),423
424,2017,10,22,8.6023,38.019,0.0,0.0,0.0,0.0,0.0,0.0,POINT (38.019 8.6023),424
425,2017,10,22,8.6296,38.54,0.0,0.0,0.0,0.0,0.0,0.0,POINT (38.54 8.6296),425
426,2017,10,22,8.6423,38.068,0.0,0.0,0.0,0.0,0.0,0.0,POINT (38.068 8.6423),426
427,2017,10,22,8.643,38.114,0.0,0.0,0.0,0.0,0.0,0.0,POINT (38.114 8.643),427
428,2017,10,22,8.708,38.252,0.0,0.0,0.0,0.0,0.0,0.0,POINT (38.252 8.708),428
429,2017,10,22,8.9801,37.689,0.0,0.0,0.0,0.0,0.0,0.0,POINT (37.689 8.9801),429
430,2017,10,22,8.9851,37.726,0.0,0.0,0.0,0.0,0.0,0.0,POINT (37.726 8.9851),430
431,2017,10,22,11.816,38.597,1.0,1.0,1.0,1.0,,,POINT (38.597 11.816),431
432,2017,10,23,11.192,36.859,3.0,1.0,,,,,POINT (36.859 11.192),432
433,2017,10,23,11.343,36.936,1.0,3.0,,,,,POINT (36.936 11.343),433
434,2017,10,23,11.363,36.97,1.0,1.0,,,,,POINT (36.97 11.363),434
435,2017,10,23,11.366,37.032,1.0,1.0,,,,,POINT (37.032 11.366),435
436,2017,10,23,11.434,37.206,1.0,1.0,,,,,POINT (37.206 11.434),436
437,2017,10,23,11.741,38.292,,,3.0,3.0,,,POINT (38.292 11.741),437
438,2017,10,23,11.741,38.292,,,1.0,1.0,,,POINT (38.292 11.741),438
439,2017,10,23,11.743,38.334,,,1.0,2.0,,,POINT (38.334 11.743),439
440,2017,10,23,11.758,38.405,1.0,1.0,1.0,1.0,,,POINT (38.405 11.758),440
441,2017,10,23,11.789,38.241,1.0,1.0,1.0,1.0,,,POINT (38.241 11.789),441
442,2017,10,23,11.808,38.121,3.0,3.0,3.0,3.0,,,POINT (38.121 11.808),442
443,2017,10,24,10.242,37.961,,,3.0,3.0,,,POINT (37.961 10.242),443
444,2017,10,24,10.246,37.861,3.0,1.0,,,,,POINT (37.861 10.246),444
445,2017,10,24,10.301,37.757,1.0,1.0,,,,,POINT (37.757 10.301),445
446,2017,10,24,10.355,37.698,1.0,1.0,1.0,1.0,,,POINT (37.698 10.355),446
447,2017,10,24,10.422,37.564,1.0,1.0,,,,,POINT (37.564 10.422),447
448,2017,10,24,10.519,37.525,1.0,1.0,,,,,POINT (37.525 10.519),448
449,2017,10,24,10.674,37.35,1.0,1.0,,,,,POINT (37.35 10.674),449
450,2017,10,24,10.683,37.224,1.0,1.0,1.0,1.0,1.0,1.0,POINT (37.224 10.683),450
451,2017,10,24,10.81,37.05,1.0,1.0,1.0,1.0,,,POINT (37.05 10.81),451
452,2017,10,24,10.823,37.052,,,1.0,1.0,,,POINT (37.052 10.823),452
453,2017,10,25,9.4344,38.863,,,2.0,3.0,,,POINT (38.863 9.4344),453
454,2017,10,25,9.4348,38.862,,,1.0,1.0,,,POINT (38.862 9.4348),454
455,2017,10,25,9.6554,38.818,,,1.0,2.0,,,POINT (38.818 9.6554),455
456,2017,10,25,9.7736,38.482,,,1.0,3.0,,,POINT (38.482 9.7736),456
457,2017,10,25,9.8114,38.561,,,1.0,3.0,,,POINT (38.561 9.8114),457
458,2017,10,25,9.831,38.39,,,1.0,1.0,,,POINT (38.39 9.831),458
459,2017,10,28,6.2714,38.417,0.0,0.0,1.0,1.0,0.0,0.0,POINT (38.417 6.2714),459
460,2017,10,28,6.3373,38.41,0.0,0.0,1.0,1.0,0.0,0.0,POINT (38.41 6.3373),460
461,2017,10,28,6.4619,38.508,0.0,0.0,1.0,1.0,0.0,0.0,POINT (38.508 6.4619),461
462,2017,10,28,9.1778,38.405,0.0,0.0,1.0,2.0,0.0,0.0,POINT (38.405 9.1778),462
463,2017,10,29,6.4476,38.486,0.0,0.0,1.0,3.0,0.0,0.0,POINT (38.486 6.4476),463
464,2017,10,29,6.4593,38.503,0.0,0.0,1.0,2.0,0.0,0.0,POINT (38.503 6.4593),464
465,2017,10,29,6.4873,38.564,0.0,0.0,2.0,3.0,0.0,0.0,POINT (38.564 6.4873),465
466,2017,10,29,6.4881,38.563,0.0,0.0,1.0,3.0,0.0,0.0,POINT (38.563 6.4881),466
467,2017,10,29,6.5135,38.568,0.0,0.0,1.0,3.0,0.0,0.0,POINT (38.568 6.5135),467
468,2017,10,29,6.5174,38.623,0.0,0.0,1.0,1.0,0.0,0.0,POINT (38.623 6.5174),468
469,2017,10,29,6.5174,38.623,0.0,0.0,1.0,3.0,0.0,0.0,POINT (38.623 6.5174),469
470,2017,10,29,6.524,38.591,0.0,0.0,1.0,2.0,0.0,0.0,POINT (38.591 6.524),470
471,2017,10,29,6.525,38.592,0.0,0.0,1.0,3.0,0.0,0.0,POINT (38.592 6.525),471
472,2017,10,29,6.5457,38.587,0.0,0.0,1.0,3.0,0.0,0.0,POINT (38.587 6.5457),472
473,2017,10,29,6.5464,38.5,0.0,0.0,1.0,1.0,0.0,0.0,POINT (38.5 6.5464),473
474,2017,10,29,6.5475,38.577,0.0,0.0,1.0,1.0,0.0,0.0,POINT (38.577 6.5475),474
475,2017,10,29,6.5478,38.578,0.0,0.0,0.0,0.0,0.0,0.0,POINT (38.578 6.5478),475
476,2017,10,29,6.5542,38.544,0.0,0.0,1.0,3.0,0.0,0.0,POINT (38.544 6.5542),476
477,2017,10,30,6.4586,38.5,0.0,0.0,1.0,2.0,0.0,0.0,POINT (38.5 6.4586),477
478,2017,10,30,6.4914,38.503,0.0,0.0,1.0,3.0,0.0,0.0,POINT (38.503 6.4914),478
479,2017,10,30,6.5523,38.508,0.0,0.0,1.0,3.0,0.0,0.0,POINT (38.508 6.5523),479
480,2017,10,30,6.5529,38.507,0.0,0.0,1.0,1.0,0.0,0.0,POINT (38.507 6.5529),480
481,2017,10,30,6.5699,38.549,0.0,0.0,1.0,3.0,0.0,0.0,POINT (38.549 6.5699),481
482,2017,10,30,6.5751,38.568,0.0,0.0,2.0,3.0,0.0,0.0,POINT (38.568 6.5751),482
483,2017,10,30,6.5808,38.47,0.0,0.0,1.0,3.0,0.0,0.0,POINT (38.47 6.5808),483
484,2017,10,30,6.5832,38.481,0.0,0.0,1.0,3.0,0.0,0.0,POINT (38.481 6.5832),484
485,2017,10,30,6.5888,38.592,0.0,0.0,1.0,3.0,0.0,0.0,POINT (38.592 6.5888),485
486,2017,10,30,6.5978,38.571,0.0,0.0,2.0,3.0,0.0,0.0,POINT (38.571 6.5978),486
487,2017,10,30,6.6473,38.642,0.0,0.0,1.0,3.0,0.0,0.0,POINT (38.642 6.6473),487
488,2017,10,30,6.6628,38.639,0.0,0.0,1.0,3.0,0.0,0.0,POINT (38.639 6.6628),488
489,2017,11,1,7.7303,39.715,0.0,0.0,1.0,1.0,0.0,0.0,POINT (39.715 7.7303),489
490,2017,11,1,7.8059,39.657,0.0,0.0,1.0,1.0,0.0,0.0,POINT (39.657 7.8059),490
491,2017,11,1,7.8153,39.639,0.0,0.0,0.0,0.0,0.0,0.0,POINT (39.639 7.8153),491
492,2017,11,1,7.8349,39.744,0.0,0.0,0.0,0.0,0.0,0.0,POINT (39.744 7.8349),492
493,2017,11,1,7.8376,39.637,0.0,0.0,1.0,1.0,0.0,0.0,POINT (39.637 7.8376),493
494,2017,11,1,7.8385,39.635,0.0,0.0,0.0,0.0,0.0,0.0,POINT (39.635 7.8385),494
495,2017,11,1,7.8403,39.733,0.0,0.0,2.0,3.0,0.0,0.0,POINT (39.733 7.8403),495
496,2017,11,1,7.857,39.574,0.0,0.0,0.0,0.0,0.0,0.0,POINT (39.574 7.857),496
497,2017,11,1,7.8584,39.688,0.0,0.0,1.0,1.0,0.0,0.0,POINT (39.688 7.8584),497
498,2017,11,1,7.8608,39.647,0.0,0.0,0.0,0.0,0.0,0.0,POINT (39.647 7.8608),498
499,2017,11,1,7.8636,39.607,0.0,0.0,2.0,2.0,0.0,0.0,POINT (39.607 7.8636),499
500,2017,11,1,7.8658,39.583,0.0,0.0,1.0,2.0,0.0,0.0,POINT (39.583 7.8658),500
501,2017,11,1,7.8667,39.554,0.0,0.0,1.0,1.0,0.0,0.0,POINT (39.554 7.8667),501
502,2017,11,1,7.9042,39.617,0.0,0.0,1.0,1.0,0.0,0.0,POINT (39.617 7.9042),502
503,2017,11,1,7.9379,39.601,0.0,0.0,0.0,0.0,0.0,0.0,POINT (39.601 7.9379),503
504,2017,11,1,8.0839,39.555,0.0,0.0,3.0,3.0,0.0,0.0,POINT (39.555 8.0839),504
505,2017,11,1,8.5851,39.072,1.0,1.0,,,,,POINT (39.072 8.5851),505
506,2017,11,1,9.0798,39.028,1.0,1.0,1.0,1.0,,,POINT (39.028 9.0798),506
507,2017,11,2,8.5159,39.198,1.0,1.0,1.0,2.0,,,POINT (39.198 8.5159),507
508,2017,11,2,8.7995,39.279,1.0,1.0,,,,,POINT (39.279 8.7995),508
509,2017,11,2,9.2085,39.536,0.0,0.0,2.0,3.0,0.0,0.0,POINT (39.536 9.2085),509
510,2017,11,2,9.2217,39.417,0.0,0.0,3.0,3.0,0.0,0.0,POINT (39.417 9.2217),510
511,2017,11,2,9.2391,39.173,0.0,0.0,2.0,3.0,0.0,0.0,POINT (39.173 9.2391),511
512,2017,11,2,9.2477,39.211,0.0,0.0,3.0,3.0,0.0,0.0,POINT (39.211 9.2477),512
513,2017,11,2,9.2604,39.447,0.0,0.0,2.0,3.0,0.0,0.0,POINT (39.447 9.2604),513
514,2017,11,2,9.2622,39.223,0.0,0.0,3.0,3.0,0.0,0.0,POINT (39.223 9.2622),514
515,2017,11,2,9.2927,39.458,0.0,0.0,2.0,3.0,0.0,0.0,POINT (39.458 9.2927),515
516,2017,11,2,9.3178,39.441,0.0,0.0,3.0,3.0,0.0,0.0,POINT (39.441 9.3178),516
517,2017,11,2,9.3287,39.424,0.0,0.0,2.0,3.0,0.0,0.0,POINT (39.424 9.3287),517
518,2017,11,2,9.3579,39.425,0.0,0.0,3.0,3.0,0.0,0.0,POINT (39.425 9.3579),518
519,2017,11,2,9.381,39.414,0.0,0.0,1.0,3.0,0.0,0.0,POINT (39.414 9.381),519
520,2017,11,2,9.3891,39.381,0.0,0.0,1.0,3.0,0.0,0.0,POINT (39.381 9.3891),520
521,2017,11,2,9.4579,39.385,0.0,0.0,1.0,3.0,0.0,0.0,POINT (39.385 9.4579),521
522,2017,11,2,9.8657,39.712,0.0,0.0,1.0,1.0,2.0,3.0,POINT (39.712 9.8657),522
523,2017,11,3,8.019,38.308,,,,,1.0,1.0,POINT (38.308 8.019),523
524,2017,11,3,8.0298,38.293,,,,,2.0,3.0,POINT (38.293 8.0298),524
525,2017,11,3,8.1638,38.312,,,2.0,3.0,,,POINT (38.312 8.1638),525
526,2017,11,3,8.2701,38.369,1.0,2.0,3.0,3.0,,,POINT (38.369 8.2701),526
527,2017,11,3,8.2794,38.371,1.0,1.0,,,1.0,1.0,POINT (38.371 8.2794),527
528,2017,11,3,8.3078,38.382,,,2.0,3.0,,,POINT (38.382 8.3078),528
529,2017,11,3,8.352,38.38,2.0,3.0,3.0,3.0,,,POINT (38.38 8.352),529
530,2017,11,3,8.4079,38.357,1.0,1.0,2.0,3.0,,,POINT (38.357 8.4079),530
531,2017,11,3,8.4617,38.392,1.0,1.0,,,1.0,1.0,POINT (38.392 8.4617),531
532,2017,11,3,8.499,38.392,,,,,1.0,1.0,POINT (38.392 8.499),532
533,2017,11,3,8.5105,38.394,,,,,3.0,3.0,POINT (38.394 8.5105),533
534,2017,11,3,8.5244,38.395,,,,,3.0,3.0,POINT (38.395 8.5244),534
535,2017,11,3,10.065,39.438,0.0,0.0,0.0,0.0,3.0,2.0,POINT (39.438 10.065),535
536,2017,11,3,10.078,39.48,0.0,0.0,1.0,3.0,1.0,2.0,POINT (39.48 10.078),536
537,2017,11,3,10.086,39.489,0.0,0.0,1.0,2.0,0.0,0.0,POINT (39.489 10.086),537
538,2017,11,3,10.088,39.463,0.0,0.0,2.0,3.0,0.0,0.0,POINT (39.463 10.088),538
539,2017,11,3,10.102,39.49,0.0,0.0,0.0,0.0,1.0,2.0,POINT (39.49 10.102),539
540,2017,11,3,10.123,39.501,0.0,0.0,1.0,2.0,1.0,3.0,POINT (39.501 10.123),540
541,2017,11,3,10.142,39.661,0.0,0.0,3.0,3.0,0.0,0.0,POINT (39.661 10.142),541
542,2017,11,3,10.146,39.518,0.0,0.0,3.0,3.0,0.0,0.0,POINT (39.518 10.146),542
543,2017,11,3,10.169,39.559,0.0,0.0,1.0,3.0,0.0,0.0,POINT (39.559 10.169),543
544,2017,11,3,10.17,39.651,0.0,0.0,2.0,3.0,0.0,0.0,POINT (39.651 10.17),544
545,2017,11,3,10.175,39.595,0.0,0.0,2.0,3.0,,,POINT (39.595 10.175),545
546,2017,11,3,10.182,39.636,0.0,0.0,0.0,0.0,0.0,0.0,POINT (39.636 10.182),546
547,2017,11,4,7.1969,37.468,,,,,1.0,1.0,POINT (37.468 7.1969),547
548,2017,11,4,7.2773,37.504,,,2.0,1.0,,,POINT (37.504 7.2773),548
549,2017,11,4,7.3083,37.522,,,1.0,1.0,,,POINT (37.522 7.3083),549
550,2017,11,4,7.359,37.553,1.0,1.0,,,,,POINT (37.553 7.359),550
551,2017,11,4,7.3834,37.571,1.0,1.0,2.0,3.0,,,POINT (37.571 7.3834),551
552,2017,11,4,7.4039,38.033,,,2.0,3.0,,,POINT (38.033 7.4039),552
553,2017,11,4,7.421,38.057,1.0,2.0,,,,,POINT (38.057 7.421),553
554,2017,11,4,7.4492,38.076,,,,,1.0,2.0,POINT (38.076 7.4492),554
555,2017,11,4,7.5125,38.125,,,,,1.0,1.0,POINT (38.125 7.5125),555
556,2017,11,4,7.5556,38.143,,,1.0,2.0,,,POINT (38.143 7.5556),556
557,2017,11,4,7.5807,38.17,1.0,1.0,1.0,2.0,,,POINT (38.17 7.5807),557
558,2017,11,4,7.5977,38.189,,,,,1.0,1.0,POINT (38.189 7.5977),558
559,2017,11,4,8.0585,38.228,,,,,1.0,1.0,POINT (38.228 8.0585),559
560,2017,11,4,10.037,39.587,0.0,0.0,2.0,3.0,0.0,0.0,POINT (39.587 10.037),560
561,2017,11,4,10.037,39.587,0.0,0.0,2.0,3.0,1.0,2.0,POINT (39.587 10.037),561
562,2017,11,4,10.037,39.587,0.0,0.0,1.0,2.0,0.0,0.0,POINT (39.587 10.037),562
563,2017,11,4,10.037,39.587,0.0,0.0,1.0,2.0,1.0,2.0,POINT (39.587 10.037),563
564,2017,11,4,10.037,39.587,0.0,0.0,2.0,3.0,0.0,0.0,POINT (39.587 10.037),564
565,2017,11,4,10.037,39.587,0.0,0.0,2.0,3.0,1.0,2.0,POINT (39.587 10.037),565
566,2017,11,4,10.037,39.587,0.0,0.0,1.0,2.0,0.0,0.0,POINT (39.587 10.037),566
567,2017,11,4,10.037,39.587,0.0,0.0,1.0,2.0,1.0,2.0,POINT (39.587 10.037),567
568,2017,11,4,10.06,39.639,0.0,0.0,3.0,3.0,0.0,0.0,POINT (39.639 10.06),568
569,2017,11,4,10.08,39.555,0.0,0.0,2.0,3.0,0.0,0.0,POINT (39.555 10.08),569
570,2017,11,4,10.091,39.652,0.0,0.0,3.0,3.0,0.0,0.0,POINT (39.652 10.091),570
571,2017,11,4,10.113,39.653,0.0,0.0,3.0,3.0,0.0,0.0,POINT (39.653 10.113),571
572,2017,11,4,10.119,39.619,0.0,0.0,3.0,3.0,0.0,0.0,POINT (39.619 10.119),572
573,2017,11,4,10.134,39.675,0.0,0.0,3.0,3.0,0.0,0.0,POINT (39.675 10.134),573
574,2017,11,4,10.147,39.782,0.0,0.0,3.0,3.0,0.0,0.0,POINT (39.782 10.147),574
575,2017,11,4,10.155,39.771,0.0,0.0,3.0,3.0,0.0,0.0,POINT (39.771 10.155),575
576,2017,11,4,10.157,39.7,0.0,0.0,3.0,3.0,0.0,0.0,POINT (39.7 10.157),576
577,2017,11,4,10.3,39.687,0.0,0.0,3.0,3.0,0.0,0.0,POINT (39.687 10.3),577
578,2017,11,4,10.314,39.707,0.0,0.0,3.0,3.0,0.0,0.0,POINT (39.707 10.314),578
579,2017,11,4,10.324,39.648,0.0,0.0,1.0,2.0,0.0,0.0,POINT (39.648 10.324),579
580,2017,11,4,10.329,39.717,0.0,0.0,1.0,3.0,0.0,0.0,POINT (39.717 10.329),580
581,2017,11,4,10.344,39.674,0.0,0.0,1.0,2.0,0.0,0.0,POINT (39.674 10.344),581
582,2017,11,4,10.345,39.674,0.0,0.0,0.0,0.0,0.0,0.0,POINT (39.674 10.345),582
583,2017,11,4,10.359,39.681,0.0,0.0,1.0,3.0,0.0,0.0,POINT (39.681 10.359),583
584,2017,11,4,10.381,39.693,0.0,0.0,1.0,3.0,0.0,0.0,POINT (39.693 10.381),584
585,2017,11,4,10.389,39.715,0.0,0.0,0.0,0.0,0.0,0.0,POINT (39.715 10.389),585
586,2017,11,5,7.1449,38.387,0.0,0.0,0.0,0.0,1.0,1.0,POINT (38.387 7.1449),586
587,2017,11,5,7.1449,38.387,0.0,0.0,0.0,0.0,1.0,2.0,POINT (38.387 7.1449),587
588,2017,11,5,7.1823,38.389,0.0,0.0,0.0,0.0,1.0,1.0,POINT (38.389 7.1823),588
589,2017,11,5,7.1823,38.389,0.0,0.0,0.0,0.0,1.0,2.0,POINT (38.389 7.1823),589
590,2017,11,5,7.2004,38.398,1.0,1.0,0.0,0.0,1.0,1.0,POINT (38.398 7.2004),590
591,2017,11,5,7.2004,38.398,1.0,1.0,0.0,0.0,1.0,2.0,POINT (38.398 7.2004),591
592,2017,11,5,7.5851,38.381,1.0,1.0,,,1.0,1.0,POINT (38.381 7.5851),592
593,2017,11,5,10.095,39.361,0.0,0.0,3.0,3.0,0.0,0.0,POINT (39.361 10.095),593
594,2017,11,5,10.104,39.381,0.0,0.0,1.0,2.0,0.0,0.0,POINT (39.381 10.104),594
595,2017,11,5,10.104,39.381,0.0,0.0,1.0,2.0,0.0,0.0,POINT (39.381 10.104),595
596,2017,11,5,10.104,39.381,0.0,0.0,3.0,3.0,0.0,0.0,POINT (39.381 10.104),596
597,2017,11,5,10.104,39.381,0.0,0.0,3.0,3.0,0.0,0.0,POINT (39.381 10.104),597
598,2017,11,5,10.104,39.381,0.0,0.0,1.0,2.0,0.0,0.0,POINT (39.381 10.104),598
599,2017,11,5,10.104,39.381,0.0,0.0,1.0,2.0,0.0,0.0,POINT (39.381 10.104),599
600,2017,11,5,10.104,39.381,0.0,0.0,3.0,3.0,0.0,0.0,POINT (39.381 10.104),600
601,2017,11,5,10.104,39.381,0.0,0.0,3.0,3.0,0.0,0.0,POINT (39.381 10.104),601
602,2017,11,5,10.128,39.405,0.0,0.0,1.0,3.0,0.0,0.0,POINT (39.405 10.128),602
603,2017,11,5,10.128,39.405,0.0,0.0,1.0,3.0,1.0,2.0,POINT (39.405 10.128),603
604,2017,11,5,10.128,39.405,0.0,0.0,1.0,3.0,0.0,0.0,POINT (39.405 10.128),604
605,2017,11,5,10.128,39.405,0.0,0.0,1.0,3.0,1.0,2.0,POINT (39.405 10.128),605
606,2017,11,5,10.128,39.405,0.0,0.0,1.0,3.0,0.0,0.0,POINT (39.405 10.128),606
607,2017,11,5,10.128,39.405,0.0,0.0,1.0,3.0,1.0,2.0,POINT (39.405 10.128),607
608,2017,11,5,10.128,39.405,0.0,0.0,1.0,3.0,0.0,0.0,POINT (39.405 10.128),608
609,2017,11,5,10.128,39.405,0.0,0.0,1.0,3.0,1.0,2.0,POINT (39.405 10.128),609
610,2017,11,5,10.15,39.414,0.0,0.0,1.0,3.0,0.0,0.0,POINT (39.414 10.15),610
611,2017,11,5,10.167,39.325,0.0,0.0,2.0,3.0,0.0,0.0,POINT (39.325 10.167),611
612,2017,11,5,10.168,39.42,0.0,0.0,1.0,3.0,0.0,0.0,POINT (39.42 10.168),612
613,2017,11,5,10.184,39.427,0.0,0.0,1.0,3.0,0.0,0.0,POINT (39.427 10.184),613
614,2017,11,5,10.197,39.335,0.0,0.0,2.0,3.0,0.0,0.0,POINT (39.335 10.197),614
615,2017,11,5,10.207,39.447,0.0,0.0,1.0,3.0,0.0,0.0,POINT (39.447 10.207),615
616,2017,11,5,10.22,39.348,0.0,0.0,1.0,3.0,0.0,0.0,POINT (39.348 10.22),616
617,2017,11,5,10.22,39.348,0.0,0.0,1.0,3.0,0.0,0.0,POINT (39.348 10.22),617
618,2017,11,5,10.22,39.348,0.0,0.0,3.0,3.0,0.0,0.0,POINT (39.348 10.22),618
619,2017,11,5,10.22,39.348,0.0,0.0,3.0,3.0,0.0,0.0,POINT (39.348 10.22),619
620,2017,11,5,10.22,39.348,0.0,0.0,1.0,3.0,0.0,0.0,POINT (39.348 10.22),620
621,2017,11,5,10.22,39.348,0.0,0.0,1.0,3.0,0.0,0.0,POINT (39.348 10.22),621
622,2017,11,5,10.22,39.348,0.0,0.0,3.0,3.0,0.0,0.0,POINT (39.348 10.22),622
623,2017,11,5,10.22,39.348,0.0,0.0,3.0,3.0,0.0,0.0,POINT (39.348 10.22),623
624,2017,11,5,10.223,39.454,0.0,0.0,3.0,3.0,0.0,0.0,POINT (39.454 10.223),624
625,2017,11,5,10.225,39.44,0.0,0.0,3.0,3.0,0.0,0.0,POINT (39.44 10.225),625
626,2017,11,5,10.235,39.421,0.0,0.0,1.0,1.0,0.0,0.0,POINT (39.421 10.235),626
627,2017,11,5,10.236,39.357,0.0,0.0,1.0,3.0,0.0,0.0,POINT (39.357 10.236),627
628,2017,11,5,10.245,39.408,0.0,0.0,0.0,0.0,0.0,0.0,POINT (39.408 10.245),628
629,2017,11,5,10.247,39.47,0.0,0.0,1.0,2.0,0.0,0.0,POINT (39.47 10.247),629
630,2017,11,5,10.259,39.391,0.0,0.0,1.0,3.0,0.0,0.0,POINT (39.391 10.259),630
631,2017,11,5,10.261,39.369,0.0,0.0,1.0,3.0,0.0,0.0,POINT (39.369 10.261),631
632,2017,11,5,10.296,39.501,0.0,0.0,0.0,0.0,1.0,2.0,POINT (39.501 10.296),632
633,2017,11,5,10.297,39.501,0.0,0.0,3.0,3.0,0.0,0.0,POINT (39.501 10.297),633
634,2017,11,5,10.302,39.539,0.0,0.0,1.0,3.0,0.0,0.0,POINT (39.539 10.302),634
635,2017,11,5,10.309,39.614,0.0,0.0,1.0,3.0,0.0,0.0,POINT (39.614 10.309),635
636,2017,11,5,10.317,39.574,0.0,0.0,1.0,3.0,0.0,0.0,POINT (39.574 10.317),636
637,2017,11,6,9.9482,39.728,0.0,0.0,1.0,3.0,0.0,0.0,POINT (39.728 9.9482),637
638,2017,11,6,10.029,39.746,0.0,0.0,3.0,3.0,0.0,0.0,POINT (39.746 10.029),638
639,2017,11,6,10.063,39.41,0.0,0.0,3.0,3.0,0.0,0.0,POINT (39.41 10.063),639
640,2017,11,6,10.076,39.761,0.0,0.0,3.0,3.0,0.0,0.0,POINT (39.761 10.076),640
641,2017,11,6,10.109,39.772,0.0,0.0,3.0,3.0,0.0,0.0,POINT (39.772 10.109),641
642,2017,11,6,10.154,39.764,0.0,0.0,3.0,3.0,0.0,0.0,POINT (39.764 10.154),642
643,2017,11,6,10.304,39.651,0.0,0.0,1.0,3.0,0.0,0.0,POINT (39.651 10.304),643
644,2017,11,7,9.6945,39.614,0.0,0.0,1.0,3.0,0.0,0.0,POINT (39.614 9.6945),644
645,2017,11,7,9.7205,39.649,0.0,0.0,2.0,3.0,0.0,0.0,POINT (39.649 9.7205),645
646,2017,11,7,9.7503,39.662,0.0,0.0,3.0,3.0,0.0,0.0,POINT (39.662 9.7503),646
647,2017,11,7,9.7757,39.671,0.0,0.0,3.0,3.0,0.0,0.0,POINT (39.671 9.7757),647
648,2017,11,7,9.7758,39.67,0.0,0.0,2.0,3.0,0.0,0.0,POINT (39.67 9.7758),648
649,2017,11,7,9.7908,39.674,0.0,0.0,2.0,3.0,0.0,0.0,POINT (39.674 9.7908),649
650,2017,11,7,9.8788,39.703,0.0,0.0,1.0,3.0,1.0,3.0,POINT (39.703 9.8788),650
651,2017,11,7,9.8852,39.694,0.0,0.0,1.0,3.0,0.0,0.0,POINT (39.694 9.8852),651
652,2017,11,7,9.9134,39.678,0.0,0.0,1.0,3.0,0.0,0.0,POINT (39.678 9.9134),652
653,2017,11,7,9.9253,39.65,0.0,0.0,3.0,3.0,0.0,0.0,POINT (39.65 9.9253),653
654,2017,11,7,9.9302,39.505,0.0,0.0,2.0,3.0,0.0,0.0,POINT (39.505 9.9302),654
655,2017,11,7,9.9333,39.523,0.0,0.0,2.0,3.0,0.0,0.0,POINT (39.523 9.9333),655
656,2017,11,7,9.9354,39.599,0.0,0.0,2.0,3.0,0.0,0.0,POINT (39.599 9.9354),656
657,2017,11,7,9.9357,39.599,0.0,0.0,2.0,3.0,0.0,0.0,POINT (39.599 9.9357),657
658,2017,11,7,9.9371,39.582,0.0,0.0,2.0,3.0,0.0,0.0,POINT (39.582 9.9371),658
659,2017,11,7,9.938,39.624,0.0,0.0,2.0,3.0,0.0,0.0,POINT (39.624 9.938),659
660,2017,11,7,9.9403,39.621,0.0,0.0,3.0,3.0,0.0,0.0,POINT (39.621 9.9403),660
661,2017,11,7,9.9403,39.621,0.0,0.0,3.0,3.0,0.0,0.0,POINT (39.621 9.9403),661
662,2017,11,7,9.9403,39.621,0.0,0.0,3.0,3.0,0.0,0.0,POINT (39.621 9.9403),662
663,2017,11,7,9.9403,39.621,0.0,0.0,3.0,3.0,0.0,0.0,POINT (39.621 9.9403),663
664,2017,11,7,9.9403,39.621,0.0,0.0,3.0,3.0,0.0,0.0,POINT (39.621 9.9403),664
665,2017,11,7,9.9403,39.621,0.0,0.0,3.0,3.0,0.0,0.0,POINT (39.621 9.9403),665
666,2017,11,7,9.9403,39.621,0.0,0.0,3.0,3.0,0.0,0.0,POINT (39.621 9.9403),666
667,2017,11,7,9.9403,39.621,0.0,0.0,3.0,3.0,0.0,0.0,POINT (39.621 9.9403),667
668,2017,11,7,9.9418,39.553,0.0,0.0,1.0,3.0,0.0,0.0,POINT (39.553 9.9418),668
669,2017,11,8,7.1106,39.842,,,2.0,3.0,,,POINT (39.842 7.1106),669
670,2017,11,8,7.1283,39.875,,,2.0,3.0,,,POINT (39.875 7.1283),670
671,2017,11,8,7.1426,39.932,,,3.0,3.0,,,POINT (39.932 7.1426),671
672,2017,11,8,7.1535,39.95,,,1.0,1.0,,,POINT (39.95 7.1535),672
673,2017,11,8,7.1537,39.95,,,,,3.0,3.0,POINT (39.95 7.1537),673
674,2017,11,8,7.1568,39.99,,,3.0,3.0,1.0,1.0,POINT (39.99 7.1568),674
675,2017,11,8,7.1915,39.968,,,2.0,3.0,1.0,1.0,POINT (39.968 7.1915),675
676,2017,11,8,7.225,39.962,,,,,3.0,3.0,POINT (39.962 7.225),676
677,2017,11,8,7.3285,38.589,0.0,0.0,1.0,1.0,0.0,0.0,POINT (38.589 7.3285),677
678,2017,11,8,7.3507,38.591,0.0,0.0,1.0,1.0,0.0,0.0,POINT (38.591 7.3507),678
679,2017,11,8,7.3766,38.594,0.0,0.0,2.0,3.0,0.0,0.0,POINT (38.594 7.3766),679
680,2017,11,8,7.3987,39.003,0.0,0.0,0.0,0.0,0.0,0.0,POINT (39.003 7.3987),680
681,2017,11,8,7.4217,39.012,0.0,0.0,1.0,3.0,0.0,0.0,POINT (39.012 7.4217),681
682,2017,11,8,7.4473,39.021,0.0,0.0,0.0,0.0,0.0,0.0,POINT (39.021 7.4473),682
683,2017,11,8,7.4809,39.029,0.0,0.0,2.0,3.0,0.0,0.0,POINT (39.029 7.4809),683
684,2017,11,8,7.4904,39.045,0.0,0.0,1.0,1.0,0.0,0.0,POINT (39.045 7.4904),684
685,2017,11,8,7.4982,39.076,0.0,0.0,1.0,2.0,0.0,0.0,POINT (39.076 7.4982),685
686,2017,11,8,7.5007,39.079,0.0,0.0,0.0,0.0,0.0,0.0,POINT (39.079 7.5007),686
687,2017,11,8,8.6282,38.515,0.0,0.0,1.0,1.0,0.0,0.0,POINT (38.515 8.6282),687
688,2017,11,8,8.6292,38.333,1.0,2.0,2.0,3.0,0.0,0.0,POINT (38.333 8.6292),688
689,2017,11,8,8.6494,38.574,1.0,1.0,0.0,0.0,0.0,0.0,POINT (38.574 8.6494),689
690,2017,11,8,8.6867,38.589,0.0,0.0,0.0,0.0,0.0,0.0,POINT (38.589 8.6867),690
691,2017,11,8,8.708,38.252,2.0,3.0,3.0,3.0,0.0,0.0,POINT (38.252 8.708),691
692,2017,11,8,8.7543,38.654,2.0,3.0,0.0,0.0,0.0,0.0,POINT (38.654 8.7543),692
693,2017,11,8,8.8022,38.558,1.0,3.0,0.0,0.0,0.0,0.0,POINT (38.558 8.8022),693
694,2017,11,8,8.8554,38.658,0.0,0.0,0.0,0.0,0.0,0.0,POINT (38.658 8.8554),694
695,2017,11,8,9.0211,37.328,0.0,0.0,1.0,1.0,0.0,0.0,POINT (37.328 9.0211),695
696,2017,11,8,9.0225,37.444,1.0,1.0,3.0,3.0,0.0,0.0,POINT (37.444 9.0225),696
697,2017,11,8,9.0225,37.444,2.0,1.0,3.0,3.0,0.0,0.0,POINT (37.444 9.0225),697
698,2017,11,8,9.026,37.448,1.0,1.0,,,,,POINT (37.448 9.026),698
699,2017,11,8,9.0444,37.452,0.0,0.0,1.0,2.0,2.0,3.0,POINT (37.452 9.0444),699
700,2017,11,8,9.0446,37.452,,,1.0,1.0,1.0,3.0,POINT (37.452 9.0446),700
701,2017,11,8,9.0547,37.422,0.0,0.0,3.0,3.0,1.0,3.0,POINT (37.422 9.0547),701
702,2017,11,8,9.0549,37.422,,,3.0,3.0,1.0,1.0,POINT (37.422 9.0549),702
703,2017,11,8,9.0828,37.391,1.0,1.0,3.0,3.0,,,POINT (37.391 9.0828),703
704,2017,11,8,9.1489,37.298,1.0,1.0,2.0,1.0,0.0,0.0,POINT (37.298 9.1489),704
705,2017,11,8,9.1491,37.298,1.0,1.0,2.0,1.0,,,POINT (37.298 9.1491),705
706,2017,11,8,9.7199,39.235,0.0,0.0,0.0,0.0,1.0,2.0,POINT (39.235 9.7199),706
707,2017,11,8,9.7528,39.214,0.0,0.0,3.0,3.0,0.0,0.0,POINT (39.214 9.7528),707
708,2017,11,8,9.7529,39.214,0.0,0.0,2.0,3.0,0.0,0.0,POINT (39.214 9.7529),708
709,2017,11,8,9.7692,39.192,0.0,0.0,1.0,3.0,0.0,0.0,POINT (39.192 9.7692),709
710,2017,11,8,9.7698,39.177,0.0,0.0,1.0,2.0,1.0,2.0,POINT (39.177 9.7698),710
711,2017,11,8,9.7734,39.145,0.0,0.0,2.0,3.0,0.0,0.0,POINT (39.145 9.7734),711
712,2017,11,8,9.7825,39.105,0.0,0.0,3.0,3.0,0.0,0.0,POINT (39.105 9.7825),712
713,2017,11,8,9.7841,39.062,0.0,0.0,1.0,3.0,0.0,0.0,POINT (39.062 9.7841),713
714,2017,11,8,9.7859,38.95,0.0,0.0,0.0,0.0,0.0,0.0,POINT (38.95 9.7859),714
715,2017,11,8,9.788,39.021,0.0,0.0,2.0,3.0,0.0,0.0,POINT (39.021 9.788),715
716,2017,11,8,9.7895,38.99,0.0,0.0,1.0,2.0,0.0,0.0,POINT (38.99 9.7895),716
717,2017,11,8,9.7984,38.92,0.0,0.0,1.0,2.0,0.0,0.0,POINT (38.92 9.7984),717
718,2017,11,8,9.801,39.2,0.0,0.0,3.0,3.0,0.0,0.0,POINT (39.2 9.801),718
719,2017,11,8,9.8126,38.899,0.0,0.0,1.0,2.0,0.0,0.0,POINT (38.899 9.8126),719
720,2017,11,8,9.8241,38.892,0.0,0.0,2.0,3.0,0.0,0.0,POINT (38.892 9.8241),720
721,2017,11,8,9.8314,39.208,0.0,0.0,3.0,3.0,0.0,0.0,POINT (39.208 9.8314),721
722,2017,11,8,9.8527,39.202,0.0,0.0,1.0,3.0,1.0,3.0,POINT (39.202 9.8527),722
723,2017,11,8,9.8675,39.181,0.0,0.0,2.0,3.0,0.0,0.0,POINT (39.181 9.8675),723
724,2017,11,8,9.8849,39.158,0.0,0.0,3.0,3.0,0.0,0.0,POINT (39.158 9.8849),724
725,2017,11,9,7.0709,40.202,,,3.0,3.0,,,POINT (40.202 7.0709),725
726,2017,11,9,7.071,40.203,,,3.0,3.0,,,POINT (40.203 7.071),726
727,2017,11,9,7.0713,40.187,,,3.0,1.0,,,POINT (40.187 7.0713),727
728,2017,11,9,7.1128,40.221,1.0,3.0,,,,,POINT (40.221 7.1128),728
729,2017,11,9,7.1128,40.221,3.0,3.0,,,,,POINT (40.221 7.1128),729
730,2017,11,9,7.1129,40.221,,,3.0,3.0,,,POINT (40.221 7.1129),730
731,2017,11,9,7.1153,40.226,,,1.0,1.0,,,POINT (40.226 7.1153),731
732,2017,11,9,7.1154,40.226,,,3.0,3.0,3.0,3.0,POINT (40.226 7.1154),732
733,2017,11,9,7.1154,40.227,1.0,1.0,,,,,POINT (40.227 7.1154),733
734,2017,11,9,7.1156,40.226,1.0,2.0,,,,,POINT (40.226 7.1156),734
735,2017,11,9,7.116,40.226,3.0,3.0,,,,,POINT (40.226 7.116),735
736,2017,11,9,7.116,40.227,,,1.0,3.0,,,POINT (40.227 7.116),736
737,2017,11,9,7.1488,40.005,1.0,1.0,,,,,POINT (40.005 7.1488),737
738,2017,11,9,7.1488,40.005,1.0,3.0,,,,,POINT (40.005 7.1488),738
739,2017,11,9,7.1555,40.005,,,3.0,3.0,,,POINT (40.005 7.1555),739
740,2017,11,9,7.1778,40.004,,,1.0,1.0,,,POINT (40.004 7.1778),740
741,2017,11,9,8.6023,38.019,1.0,2.0,2.0,3.0,0.0,0.0,POINT (38.019 8.6023),741
742,2017,11,9,8.6296,38.54,1.0,2.0,1.0,2.0,0.0,0.0,POINT (38.54 8.6296),742
743,2017,11,9,8.6423,38.068,3.0,3.0,3.0,3.0,0.0,0.0,POINT (38.068 8.6423),743
744,2017,11,9,8.643,38.114,3.0,3.0,3.0,3.0,0.0,0.0,POINT (38.114 8.643),744
745,2017,11,9,9.0617,37.082,0.0,0.0,0.0,0.0,0.0,0.0,POINT (37.082 9.0617),745
746,2017,11,9,9.0731,37.558,1.0,1.0,1.0,2.0,0.0,0.0,POINT (37.558 9.0731),746
747,2017,11,9,9.0847,37.502,0.0,0.0,1.0,1.0,0.0,0.0,POINT (37.502 9.0847),747
748,2017,11,9,9.1852,37.328,,,1.0,1.0,,,POINT (37.328 9.1852),748
749,2017,11,9,9.4933,37.461,,,1.0,1.0,,,POINT (37.461 9.4933),749
750,2017,11,9,9.4997,37.461,0.0,0.0,1.0,2.0,0.0,0.0,POINT (37.461 9.4997),750
751,2017,11,9,9.5206,37.389,2.0,3.0,3.0,3.0,0.0,0.0,POINT (37.389 9.5206),751
752,2017,11,9,9.5271,37.389,2.0,3.0,3.0,3.0,,,POINT (37.389 9.5271),752
753,2017,11,9,9.5306,37.487,2.0,2.0,3.0,3.0,0.0,0.0,POINT (37.487 9.5306),753
754,2017,11,9,9.5308,37.487,1.0,1.0,3.0,3.0,,,POINT (37.487 9.5308),754
755,2017,11,9,9.5628,37.492,0.0,0.0,1.0,2.0,0.0,0.0,POINT (37.492 9.5628),755
756,2017,11,9,9.5629,37.492,,,1.0,1.0,,,POINT (37.492 9.5629),756
757,2017,11,9,9.5775,37.513,2.0,1.0,3.0,3.0,0.0,0.0,POINT (37.513 9.5775),757
758,2017,11,9,9.5777,37.513,1.0,1.0,3.0,3.0,,,POINT (37.513 9.5777),758
759,2017,11,9,9.5778,37.142,1.0,1.0,0.0,0.0,0.0,0.0,POINT (37.142 9.5778),759
760,2017,11,9,9.578,37.142,1.0,1.0,1.0,2.0,,,POINT (37.142 9.578),760
761,2017,11,9,9.6042,37.185,,,1.0,2.0,,,POINT (37.185 9.6042),761
762,2017,11,9,9.6069,37.184,0.0,0.0,1.0,2.0,0.0,0.0,POINT (37.184 9.6069),762
763,2017,11,9,9.6133,37.227,1.0,1.0,1.0,1.0,0.0,0.0,POINT (37.227 9.6133),763
764,2017,11,9,9.6134,37.227,1.0,1.0,1.0,1.0,,,POINT (37.227 9.6134),764
765,2017,11,9,9.6206,37.519,1.0,1.0,2.0,3.0,0.0,0.0,POINT (37.519 9.6206),765
766,2017,11,9,9.6207,37.52,1.0,1.0,2.0,3.0,,,POINT (37.52 9.6207),766
767,2017,11,9,9.6458,37.267,0.0,0.0,0.0,0.0,0.0,0.0,POINT (37.267 9.6458),767
768,2017,11,9,9.6525,37.294,0.0,0.0,0.0,0.0,0.0,0.0,POINT (37.294 9.6525),768
769,2017,11,9,9.6556,37.513,3.0,2.0,2.0,3.0,0.0,0.0,POINT (37.513 9.6556),769
770,2017,11,9,9.6558,37.513,3.0,2.0,2.0,3.0,,,POINT (37.513 9.6558),770
771,2017,11,9,9.67,37.315,0.0,0.0,0.0,0.0,0.0,0.0,POINT (37.315 9.67),771
772,2017,11,9,9.6753,39.47,0.0,0.0,1.0,3.0,1.0,3.0,POINT (39.47 9.6753),772
773,2017,11,9,9.7083,37.558,1.0,1.0,1.0,1.0,,,POINT (37.558 9.7083),773
774,2017,11,9,9.7126,39.462,0.0,0.0,1.0,2.0,0.0,0.0,POINT (39.462 9.7126),774
775,2017,11,9,9.7314,39.461,0.0,0.0,2.0,3.0,0.0,0.0,POINT (39.461 9.7314),775
776,2017,11,9,9.7317,39.461,0.0,0.0,1.0,3.0,0.0,0.0,POINT (39.461 9.7317),776
777,2017,11,9,9.7398,39.45,0.0,0.0,1.0,3.0,0.0,0.0,POINT (39.45 9.7398),777
778,2017,11,9,9.7449,39.436,0.0,0.0,2.0,3.0,1.0,2.0,POINT (39.436 9.7449),778
779,2017,11,9,9.7489,37.546,,,1.0,1.0,,,POINT (37.546 9.7489),779
780,2017,11,9,9.7489,37.879,0.0,0.0,1.0,1.0,0.0,0.0,POINT (37.879 9.7489),780
781,2017,11,9,9.7733,39.222,0.0,0.0,2.0,3.0,0.0,0.0,POINT (39.222 9.7733),781
782,2017,11,9,9.7739,39.222,0.0,0.0,0.0,0.0,1.0,3.0,POINT (39.222 9.7739),782
783,2017,11,9,9.7826,39.258,0.0,0.0,1.0,3.0,0.0,0.0,POINT (39.258 9.7826),783
784,2017,11,9,9.7917,37.506,0.0,0.0,2.0,3.0,0.0,0.0,POINT (37.506 9.7917),784
785,2017,11,9,9.7918,37.501,,,1.0,3.0,,,POINT (37.501 9.7918),785
786,2017,11,9,9.795,39.283,0.0,0.0,2.0,3.0,0.0,0.0,POINT (39.283 9.795),786
787,2017,11,9,9.8178,39.281,0.0,0.0,3.0,3.0,0.0,0.0,POINT (39.281 9.8178),787
788,2017,11,9,9.8335,39.251,0.0,0.0,1.0,3.0,0.0,0.0,POINT (39.251 9.8335),788
789,2017,11,9,9.841,39.217,0.0,0.0,3.0,3.0,,,POINT (39.217 9.841),789
790,2017,11,9,9.9047,39.156,0.0,0.0,0.0,0.0,0.0,0.0,POINT (39.156 9.9047),790
791,2017,11,9,9.9221,39.18,0.0,0.0,1.0,3.0,,,POINT (39.18 9.9221),791
792,2017,11,9,9.9401,39.205,0.0,0.0,2.0,3.0,,,POINT (39.205 9.9401),792
793,2017,11,9,9.9682,39.224,0.0,0.0,3.0,3.0,0.0,0.0,POINT (39.224 9.9682),793
794,2017,11,9,10.008,39.241,0.0,0.0,3.0,3.0,1.0,2.0,POINT (39.241 10.008),794
795,2017,11,9,10.008,39.241,0.0,0.0,3.0,3.0,0.0,0.0,POINT (39.241 10.008),795
796,2017,11,9,10.008,39.241,0.0,0.0,3.0,3.0,1.0,2.0,POINT (39.241 10.008),796
797,2017,11,9,10.008,39.241,0.0,0.0,3.0,3.0,0.0,0.0,POINT (39.241 10.008),797
798,2017,11,9,10.008,39.241,0.0,0.0,3.0,3.0,1.0,2.0,POINT (39.241 10.008),798
799,2017,11,9,10.008,39.241,0.0,0.0,3.0,3.0,0.0,0.0,POINT (39.241 10.008),799
800,2017,11,9,10.008,39.241,0.0,0.0,3.0,3.0,1.0,2.0,POINT (39.241 10.008),800
801,2017,11,9,10.008,39.241,0.0,0.0,3.0,3.0,0.0,0.0,POINT (39.241 10.008),801
802,2017,11,9,10.023,39.255,0.0,0.0,1.0,3.0,0.0,0.0,POINT (39.255 10.023),802
803,2017,11,9,11.237,39.229,0.0,0.0,0.0,0.0,0.0,0.0,POINT (39.229 11.237),803
804,2017,11,10,7.0396,39.982,,,2.0,2.0,,,POINT (39.982 7.0396),804
805,2017,11,10,7.545,39.256,1.0,2.0,,,,,POINT (39.256 7.545),805
806,2017,11,10,7.545,39.256,1.0,2.0,,,,,POINT (39.256 7.545),806
807,2017,11,10,8.7721,39.0,3.0,2.0,,,,,POINT (39 8.7721),807
808,2017,11,10,8.7722,39.001,3.0,3.0,,,3.0,3.0,POINT (39.001 8.7722),808
809,2017,11,10,8.8927,37.559,3.0,3.0,1.0,1.0,0.0,0.0,POINT (37.559 8.8927),809
810,2017,11,10,8.9686,37.497,1.0,3.0,0.0,0.0,0.0,0.0,POINT (37.497 8.9686),810
811,2017,11,10,8.9782,37.632,3.0,3.0,3.0,3.0,0.0,0.0,POINT (37.632 8.9782),811
812,2017,11,10,8.9801,37.689,1.0,3.0,2.0,3.0,0.0,0.0,POINT (37.689 8.9801),812
813,2017,11,10,8.9851,37.726,2.0,3.0,1.0,2.0,0.0,0.0,POINT (37.726 8.9851),813
814,2017,11,10,9.0011,37.104,0.0,0.0,0.0,0.0,0.0,0.0,POINT (37.104 9.0011),814
815,2017,11,10,9.0511,37.185,1.0,1.0,2.0,3.0,0.0,0.0,POINT (37.185 9.0511),815
816,2017,11,10,9.0544,37.066,0.0,0.0,2.0,2.0,0.0,0.0,POINT (37.066 9.0544),816
817,2017,11,10,9.0561,37.401,1.0,1.0,3.0,3.0,0.0,0.0,POINT (37.401 9.0561),817
818,2017,11,10,9.0564,37.0,0.0,0.0,1.0,3.0,0.0,0.0,POINT (37 9.0564),818
819,2017,11,10,9.0564,37.063,0.0,0.0,0.0,0.0,0.0,0.0,POINT (37.063 9.0564),819
820,2017,11,10,9.0597,36.998,0.0,0.0,3.0,3.0,0.0,0.0,POINT (36.998 9.0597),820
821,2017,11,10,9.4908,37.333,0.0,0.0,2.0,3.0,0.0,0.0,POINT (37.333 9.4908),821
822,2017,11,10,9.4909,37.033,,,2.0,3.0,,,POINT (37.033 9.4909),822
823,2017,11,10,9.4974,36.998,,,3.0,3.0,,,POINT (36.998 9.4974),823
824,2017,11,10,9.4983,37.088,0.0,0.0,0.0,0.0,0.0,0.0,POINT (37.088 9.4983),824
825,2017,11,10,9.5006,37.001,0.0,0.0,2.0,3.0,0.0,0.0,POINT (37.001 9.5006),825
826,2017,11,10,9.5013,37.021,1.0,1.0,1.0,3.0,,,POINT (37.021 9.5013),826
827,2017,11,10,9.5039,37.055,0.0,0.0,1.0,1.0,0.0,0.0,POINT (37.055 9.5039),827
828,2017,11,10,9.504,37.056,,,1.0,1.0,,,POINT (37.056 9.504),828
829,2017,11,10,9.5056,37.006,,,2.0,3.0,,,POINT (37.006 9.5056),829
830,2017,11,10,9.5062,37.045,1.0,1.0,3.0,3.0,,,POINT (37.045 9.5062),830
831,2017,11,10,9.5185,37.067,,,1.0,2.0,,,POINT (37.067 9.5185),831
832,2017,11,10,9.5417,37.067,,,1.0,2.0,,,POINT (37.067 9.5417),832
833,2017,11,10,9.5756,37.071,0.0,0.0,2.0,1.0,0.0,0.0,POINT (37.071 9.5756),833
834,2017,11,10,9.5756,37.072,,,1.0,1.0,,,POINT (37.072 9.5756),834
835,2017,11,10,9.5997,37.07,0.0,0.0,1.0,2.0,0.0,0.0,POINT (37.07 9.5997),835
836,2017,11,10,9.5997,37.07,0.0,0.0,1.0,1.0,0.0,0.0,POINT (37.07 9.5997),836
837,2017,11,10,9.6253,37.068,0.0,0.0,0.0,0.0,0.0,0.0,POINT (37.068 9.6253),837
838,2017,11,10,9.6469,37.08,0.0,0.0,0.0,0.0,0.0,0.0,POINT (37.08 9.6469),838
839,2017,11,10,9.668,37.125,,,1.0,1.0,,,POINT (37.125 9.668),839
840,2017,11,10,9.6691,37.14,,,1.0,1.0,,,POINT (37.14 9.6691),840
841,2017,11,10,9.6756,37.122,0.0,0.0,1.0,2.0,0.0,0.0,POINT (37.122 9.6756),841
842,2017,11,10,9.6797,37.084,0.0,0.0,0.0,0.0,0.0,0.0,POINT (37.084 9.6797),842
843,2017,11,10,9.6828,37.078,0.0,0.0,0.0,0.0,0.0,0.0,POINT (37.078 9.6828),843
844,2017,11,10,9.6889,37.14,0.0,0.0,1.0,1.0,0.0,0.0,POINT (37.14 9.6889),844
845,2017,11,11,8.7717,36.494,2.0,1.0,3.0,3.0,,,POINT (36.494 8.7717),845
846,2017,11,11,8.8176,36.481,,,1.0,2.0,,,POINT (36.481 8.8176),846
847,2017,11,11,8.8413,36.482,1.0,1.0,1.0,1.0,,,POINT (36.482 8.8413),847
848,2017,11,11,8.8642,36.477,0.0,0.0,0.0,0.0,0.0,0.0,POINT (36.477 8.8642),848
849,2017,11,11,8.9428,36.482,0.0,0.0,0.0,0.0,0.0,0.0,POINT (36.482 8.9428),849
850,2017,11,11,8.9614,36.5,0.0,0.0,1.0,1.0,0.0,0.0,POINT (36.5 8.9614),850
851,2017,11,11,8.9617,36.485,,,1.0,1.0,,,POINT (36.485 8.9617),851
852,2017,11,11,8.9668,37.92,3.0,3.0,3.0,3.0,0.0,0.0,POINT (37.92 8.9668),852
853,2017,11,11,8.9958,37.061,2.0,3.0,0.0,0.0,0.0,0.0,POINT (37.061 8.9958),853
854,2017,11,11,9.0411,37.111,0.0,0.0,0.0,0.0,0.0,0.0,POINT (37.111 9.0411),854
855,2017,11,11,9.0419,37.122,0.0,0.0,3.0,3.0,0.0,0.0,POINT (37.122 9.0419),855
856,2017,11,11,9.055,37.112,2.0,1.0,2.0,3.0,0.0,0.0,POINT (37.112 9.055),856
857,2017,11,11,9.0566,38.499,0.0,0.0,0.0,0.0,0.0,0.0,POINT (38.499 9.0566),857
858,2017,11,11,9.1853,37.332,1.0,1.0,1.0,2.0,,,POINT (37.332 9.1853),858
859,2017,11,11,9.2322,36.809,2.0,1.0,1.0,1.0,0.0,0.0,POINT (36.809 9.2322),859
860,2017,11,11,9.2817,37.115,0.0,0.0,1.0,1.0,0.0,0.0,POINT (37.115 9.2817),860
861,2017,11,11,9.2818,37.115,,,1.0,1.0,,,POINT (37.115 9.2818),861
862,2017,11,11,9.3172,37.122,,,3.0,3.0,,,POINT (37.122 9.3172),862
863,2017,11,11,9.3447,37.12,1.0,1.0,3.0,3.0,0.0,0.0,POINT (37.12 9.3447),863
864,2017,11,11,9.3447,37.12,1.0,1.0,3.0,3.0,0.0,0.0,POINT (37.12 9.3447),864
865,2017,11,11,9.3447,37.12,1.0,1.0,3.0,3.0,0.0,0.0,POINT (37.12 9.3447),865
866,2017,11,11,9.3447,37.12,1.0,1.0,3.0,3.0,0.0,0.0,POINT (37.12 9.3447),866
867,2017,11,11,9.4036,36.806,2.0,1.0,1.0,1.0,0.0,0.0,POINT (36.806 9.4036),867
868,2017,11,11,9.4523,37.112,1.0,1.0,2.0,3.0,,,POINT (37.112 9.4523),868
869,2017,11,11,9.4981,37.123,0.0,0.0,1.0,1.0,0.0,0.0,POINT (37.123 9.4981),869
870,2017,11,11,9.4981,37.123,0.0,0.0,1.0,1.0,0.0,0.0,POINT (37.123 9.4981),870
871,2017,11,11,9.5397,37.107,1.0,1.0,1.0,1.0,0.0,0.0,POINT (37.107 9.5397),871
872,2017,11,11,9.5398,37.107,1.0,1.0,1.0,1.0,,,POINT (37.107 9.5398),872
873,2017,11,11,9.5483,37.102,0.0,0.0,0.0,0.0,0.0,0.0,POINT (37.102 9.5483),873
874,2017,11,12,9.1778,38.405,0.0,0.0,3.0,3.0,0.0,0.0,POINT (38.405 9.1778),874
875,2017,11,12,9.2444,38.394,0.0,0.0,3.0,3.0,0.0,0.0,POINT (38.394 9.2444),875
876,2017,11,12,9.2854,38.377,0.0,0.0,3.0,3.0,0.0,0.0,POINT (38.377 9.2854),876
877,2017,11,12,9.3489,38.355,0.0,0.0,3.0,3.0,0.0,0.0,POINT (38.355 9.3489),877
878,2017,11,12,9.3688,38.353,0.0,0.0,3.0,3.0,0.0,0.0,POINT (38.353 9.3688),878
879,2017,11,13,11.648,38.932,,,1.0,1.0,,,POINT (38.932 11.648),879
880,2017,11,13,11.678,38.93,,,1.0,1.0,,,POINT (38.93 11.678),880
881,2017,11,13,11.819,38.646,1.0,1.0,1.0,1.0,,,POINT (38.646 11.819),881
882,2017,11,14,8.9675,37.522,1.0,1.0,1.0,1.0,0.0,0.0,POINT (37.522 8.9675),882
883,2017,11,14,8.9736,37.482,1.0,1.0,2.0,1.0,0.0,0.0,POINT (37.482 8.9736),883
884,2017,11,14,8.9762,37.587,1.0,1.0,0.0,0.0,0.0,0.0,POINT (37.587 8.9762),884
885,2017,11,14,8.9779,37.683,2.0,3.0,3.0,3.0,0.0,0.0,POINT (37.683 8.9779),885
886,2017,11,14,9.0017,37.466,2.0,1.0,1.0,1.0,0.0,0.0,POINT (37.466 9.0017),886
887,2017,11,14,9.0445,37.452,1.0,1.0,0.0,0.0,0.0,0.0,POINT (37.452 9.0445),887
888,2017,11,14,9.0515,37.442,0.0,0.0,2.0,2.0,0.0,0.0,POINT (37.442 9.0515),888
889,2017,11,14,9.0544,37.423,1.0,1.0,2.0,2.0,0.0,0.0,POINT (37.423 9.0544),889
890,2017,11,14,9.0698,37.401,2.0,2.0,3.0,3.0,0.0,0.0,POINT (37.401 9.0698),890
891,2017,11,14,9.0849,37.391,1.0,1.0,2.0,1.0,0.0,0.0,POINT (37.391 9.0849),891
892,2017,11,14,9.0961,37.372,1.0,1.0,1.0,1.0,0.0,0.0,POINT (37.372 9.0961),892
893,2017,11,14,11.577,39.223,,,1.0,1.0,,,POINT (39.223 11.577),893
894,2017,11,15,10.72,38.664,1.0,1.0,,,1.0,1.0,POINT (38.664 10.72),894
895,2017,11,15,10.761,38.809,,,,,1.0,1.0,POINT (38.809 10.761),895
896,2017,11,15,10.768,38.87,,,,,1.0,1.0,POINT (38.87 10.768),896
897,2017,11,15,10.77,38.837,,,2.0,1.0,,,POINT (38.837 10.77),897
898,2017,11,15,10.778,39.148,,,1.0,1.0,,,POINT (39.148 10.778),898
899,2017,11,15,10.798,39.164,,,1.0,1.0,,,POINT (39.164 10.798),899
900,2017,11,15,10.813,39.004,,,,,1.0,1.0,POINT (39.004 10.813),900
901,2017,11,15,11.158,39.236,,,1.0,1.0,,,POINT (39.236 11.158),901
902,2017,11,15,11.201,39.227,,,1.0,1.0,,,POINT (39.227 11.201),902
903,2017,11,16,10.665,39.145,,,,,1.0,2.0,POINT (39.145 10.665),903
904,2017,11,16,10.721,39.163,,,1.0,3.0,,,POINT (39.163 10.721),904
905,2017,11,16,10.73,38.89,,,,,1.0,1.0,POINT (38.89 10.73),905
906,2017,11,16,10.757,38.917,,,1.0,3.0,,,POINT (38.917 10.757),906
907,2017,11,16,10.761,39.148,,,1.0,2.0,,,POINT (39.148 10.761),907
908,2017,11,17,8.7527,37.534,1.0,1.0,3.0,3.0,0.0,0.0,POINT (37.534 8.7527),908
909,2017,11,17,8.8454,37.726,3.0,2.0,3.0,3.0,0.0,0.0,POINT (37.726 8.8454),909
910,2017,11,17,8.8578,37.733,2.0,2.0,3.0,3.0,0.0,0.0,POINT (37.733 8.8578),910
911,2017,11,17,8.8634,37.694,3.0,3.0,0.0,0.0,0.0,0.0,POINT (37.694 8.8634),911
912,2017,11,17,8.8753,37.749,3.0,3.0,0.0,0.0,0.0,0.0,POINT (37.749 8.8753),912
913,2017,11,17,10.335,39.24,,,,,1.0,1.0,POINT (39.24 10.335),913
914,2017,11,17,10.376,39.26,,,,,1.0,1.0,POINT (39.26 10.376),914
915,2017,11,17,11.731,38.995,,,1.0,3.0,,,POINT (38.995 11.731),915
916,2017,11,18,8.8785,38.026,1.0,1.0,3.0,3.0,0.0,0.0,POINT (38.026 8.8785),916
917,2017,11,18,8.9208,38.022,1.0,1.0,3.0,3.0,0.0,0.0,POINT (38.022 8.9208),917
918,2017,11,18,8.9281,38.027,1.0,2.0,3.0,3.0,0.0,0.0,POINT (38.027 8.9281),918
919,2017,11,18,8.9309,38.018,2.0,1.0,3.0,3.0,0.0,0.0,POINT (38.018 8.9309),919
920,2017,11,18,8.9433,38.012,1.0,1.0,1.0,1.0,0.0,0.0,POINT (38.012 8.9433),920
921,2017,11,18,8.9737,37.999,1.0,1.0,0.0,0.0,0.0,0.0,POINT (37.999 8.9737),921
922,2017,11,18,8.9782,39.569,1.0,1.0,0.0,0.0,0.0,0.0,POINT (39.569 8.9782),922
923,2017,11,18,10.472,39.28,,,,,1.0,2.0,POINT (39.28 10.472),923
924,2017,11,18,10.512,39.33,,,,,2.0,3.0,POINT (39.33 10.512),924
925,2017,11,18,10.579,39.426,1.0,1.0,1.0,1.0,,,POINT (39.426 10.579),925
926,2017,11,19,8.5048,37.969,1.0,2.0,3.0,3.0,0.0,0.0,POINT (37.969 8.5048),926
927,2017,11,19,8.6169,37.921,2.0,3.0,2.0,3.0,0.0,0.0,POINT (37.921 8.6169),927
928,2017,11,19,8.6386,37.902,2.0,3.0,2.0,3.0,0.0,0.0,POINT (37.902 8.6386),928
929,2017,11,19,8.6718,37.885,1.0,1.0,2.0,1.0,0.0,0.0,POINT (37.885 8.6718),929
930,2017,11,19,8.6865,37.896,1.0,1.0,3.0,3.0,0.0,0.0,POINT (37.896 8.6865),930
931,2017,11,19,8.7196,37.887,1.0,1.0,3.0,3.0,0.0,0.0,POINT (37.887 8.7196),931
932,2017,11,19,8.8748,37.892,1.0,2.0,0.0,0.0,0.0,0.0,POINT (37.892 8.8748),932
933,2017,11,19,8.8785,38.026,1.0,1.0,0.0,0.0,0.0,0.0,POINT (38.026 8.8785),933
934,2017,11,19,8.8952,37.886,1.0,1.0,3.0,3.0,0.0,0.0,POINT (37.886 8.8952),934
935,2017,11,19,8.9452,37.85,2.0,2.0,3.0,3.0,0.0,0.0,POINT (37.85 8.9452),935
936,2017,11,19,10.613,39.429,,,1.0,1.0,1.0,1.0,POINT (39.429 10.613),936
937,2017,11,19,10.706,39.419,,,1.0,2.0,,,POINT (39.419 10.706),937
938,2017,11,19,10.744,39.428,,,,,2.0,2.0,POINT (39.428 10.744),938
939,2017,11,19,10.785,39.446,,,2.0,3.0,,,POINT (39.446 10.785),939
940,2017,11,19,11.066,39.533,1.0,3.0,,,,,POINT (39.533 11.066),940
941,2017,11,19,11.094,39.585,1.0,1.0,,,,,POINT (39.585 11.094),941
942,2017,11,20,8.9452,37.85,3.0,3.0,3.0,3.0,0.0,0.0,POINT (37.85 8.9452),942
943,2017,11,20,9.0645,38.074,1.0,1.0,3.0,3.0,0.0,0.0,POINT (38.074 9.0645),943
944,2017,11,20,9.0718,38.055,1.0,2.0,2.0,3.0,0.0,0.0,POINT (38.055 9.0718),944
945,2017,11,20,9.0916,38.032,1.0,2.0,3.0,3.0,0.0,0.0,POINT (38.032 9.0916),945
946,2017,11,20,9.0916,38.032,1.0,2.0,3.0,3.0,0.0,0.0,POINT (38.032 9.0916),946
947,2017,11,20,9.0916,38.032,1.0,2.0,3.0,3.0,0.0,0.0,POINT (38.032 9.0916),947
948,2017,11,20,9.0916,38.032,1.0,2.0,3.0,3.0,0.0,0.0,POINT (38.032 9.0916),948
949,2017,11,20,9.0916,38.032,1.0,2.0,3.0,3.0,0.0,0.0,POINT (38.032 9.0916),949
950,2017,11,20,9.0916,38.032,1.0,2.0,3.0,3.0,0.0,0.0,POINT (38.032 9.0916),950
951,2017,11,20,9.0916,38.032,1.0,2.0,3.0,3.0,0.0,0.0,POINT (38.032 9.0916),951
952,2017,11,20,9.0916,38.032,1.0,2.0,3.0,3.0,0.0,0.0,POINT (38.032 9.0916),952
953,2017,11,20,9.1005,38.01,0.0,0.0,0.0,0.0,0.0,0.0,POINT (38.01 9.1005),953
954,2017,11,21,8.6016,38.019,2.0,2.0,3.0,3.0,0.0,0.0,POINT (38.019 8.6016),954
955,2017,11,21,8.6431,38.114,3.0,3.0,3.0,3.0,0.0,0.0,POINT (38.114 8.6431),955
956,2017,11,21,8.795,38.128,1.0,1.0,0.0,0.0,0.0,0.0,POINT (38.128 8.795),956
957,2017,11,21,8.8294,38.105,1.0,1.0,0.0,0.0,0.0,0.0,POINT (38.105 8.8294),957
958,2017,11,21,8.8798,38.095,2.0,3.0,3.0,3.0,0.0,0.0,POINT (38.095 8.8798),958
959,2017,11,21,8.9258,38.126,3.0,3.0,0.0,0.0,0.0,0.0,POINT (38.126 8.9258),959
960,2017,11,21,8.9357,38.18,1.0,2.0,0.0,0.0,0.0,0.0,POINT (38.18 8.9357),960
961,2017,11,21,8.9762,38.168,1.0,2.0,0.0,0.0,0.0,0.0,POINT (38.168 8.9762),961
962,2017,11,21,8.9867,38.162,1.0,1.0,0.0,0.0,0.0,0.0,POINT (38.162 8.9867),962
963,2017,11,22,6.3048,38.745,0.0,0.0,2.0,1.0,0.0,0.0,POINT (38.745 6.3048),963
964,2017,11,22,6.3049,38.664,0.0,0.0,1.0,1.0,0.0,0.0,POINT (38.664 6.3049),964
965,2017,11,22,6.3215,38.663,0.0,0.0,2.0,2.0,0.0,0.0,POINT (38.663 6.3215),965
966,2017,11,22,6.3427,38.659,0.0,0.0,1.0,1.0,0.0,0.0,POINT (38.659 6.3427),966
967,2017,11,22,6.3443,38.703,0.0,0.0,1.0,1.0,0.0,0.0,POINT (38.703 6.3443),967
968,2017,11,22,6.3445,38.661,0.0,0.0,1.0,1.0,0.0,0.0,POINT (38.661 6.3445),968
969,2017,11,22,6.3468,38.692,0.0,0.0,2.0,1.0,0.0,0.0,POINT (38.692 6.3468),969
970,2017,11,22,6.4001,38.582,0.0,0.0,2.0,2.0,,,POINT (38.582 6.4001),970
971,2017,11,22,6.4119,38.629,0.0,0.0,1.0,1.0,1.0,2.0,POINT (38.629 6.4119),971
972,2017,11,22,6.4138,38.619,0.0,0.0,2.0,1.0,1.0,2.0,POINT (38.619 6.4138),972
973,2017,11,22,6.4148,38.643,0.0,0.0,2.0,1.0,0.0,0.0,POINT (38.643 6.4148),973
974,2017,11,23,6.2166,38.489,1.0,1.0,3.0,3.0,3.0,1.0,POINT (38.489 6.2166),974
975,2017,11,23,6.3636,38.642,0.0,0.0,1.0,1.0,0.0,0.0,POINT (38.642 6.3636),975
976,2017,11,23,6.3655,38.642,0.0,0.0,2.0,1.0,1.0,2.0,POINT (38.642 6.3655),976
977,2017,11,23,9.5572,38.882,0.0,0.0,3.0,3.0,0.0,0.0,POINT (38.882 9.5572),977
978,2017,11,23,9.6073,38.933,0.0,0.0,3.0,3.0,0.0,0.0,POINT (38.933 9.6073),978
979,2017,11,23,9.6554,38.818,0.0,0.0,0.0,0.0,0.0,0.0,POINT (38.818 9.6554),979
980,2017,11,23,9.6644,39.013,0.0,0.0,2.0,3.0,0.0,0.0,POINT (39.013 9.6644),980
981,2017,11,23,9.6978,39.012,0.0,0.0,1.0,2.0,0.0,0.0,POINT (39.012 9.6978),981
982,2017,11,23,9.7819,38.995,0.0,0.0,1.0,2.0,0.0,0.0,POINT (38.995 9.7819),982
983,2017,11,23,9.7861,39.046,0.0,0.0,0.0,0.0,0.0,0.0,POINT (39.046 9.7861),983
984,2017,11,23,9.7863,39.063,0.0,0.0,2.0,3.0,0.0,0.0,POINT (39.063 9.7863),984
985,2017,11,23,9.7869,38.703,0.0,0.0,3.0,3.0,0.0,0.0,POINT (38.703 9.7869),985
986,2017,11,23,9.7903,38.686,0.0,0.0,1.0,2.0,0.0,0.0,POINT (38.686 9.7903),986
987,2017,11,24,6.0787,38.792,0.0,0.0,1.0,1.0,0.0,0.0,POINT (38.792 6.0787),987
988,2017,11,24,6.08,38.793,0.0,0.0,1.0,1.0,0.0,0.0,POINT (38.793 6.08),988
989,2017,11,24,6.1316,38.751,0.0,0.0,2.0,2.0,,,POINT (38.751 6.1316),989
990,2017,11,24,6.1373,38.735,0.0,0.0,3.0,2.0,1.0,2.0,POINT (38.735 6.1373),990
991,2017,11,24,6.1459,38.73,0.0,0.0,1.0,1.0,1.0,2.0,POINT (38.73 6.1459),991
992,2017,11,24,6.1642,38.715,0.0,0.0,2.0,1.0,0.0,0.0,POINT (38.715 6.1642),992
993,2017,11,24,6.1655,38.718,0.0,0.0,1.0,1.0,1.0,2.0,POINT (38.718 6.1655),993
994,2017,11,24,6.1657,38.711,0.0,0.0,1.0,1.0,1.0,2.0,POINT (38.711 6.1657),994
995,2017,11,24,6.17,38.709,0.0,0.0,1.0,1.0,1.0,2.0,POINT (38.709 6.17),995
996,2017,11,24,6.1782,38.711,0.0,0.0,1.0,1.0,0.0,0.0,POINT (38.711 6.1782),996
997,2017,11,24,6.2011,38.727,0.0,0.0,3.0,3.0,1.0,2.0,POINT (38.727 6.2011),997
998,2017,11,24,6.2054,38.722,0.0,0.0,1.0,1.0,1.0,2.0,POINT (38.722 6.2054),998
999,2017,11,24,6.2327,38.709,0.0,0.0,2.0,1.0,,,POINT (38.709 6.2327),999
1000,2017,11,24,6.2328,38.709,0.0,0.0,3.0,3.0,1.0,2.0,POINT (38.709 6.2328),1000
1001,2017,11,24,6.28,38.681,0.0,0.0,3.0,2.0,,,POINT (38.681 6.28),1001
1002,2017,11,24,6.28,38.681,0.0,0.0,3.0,3.0,,,POINT (38.681 6.28),1002
1003,2017,11,24,6.5827,39.07,0.0,0.0,0.0,0.0,0.0,0.0,POINT (39.07 6.5827),1003
1004,2017,11,24,6.5851,39.062,1.0,1.0,1.0,1.0,0.0,0.0,POINT (39.062 6.5851),1004
1005,2017,11,24,6.5953,39.081,0.0,0.0,0.0,0.0,0.0,0.0,POINT (39.081 6.5953),1005
1006,2017,11,24,7.0001,39.014,0.0,0.0,0.0,0.0,0.0,0.0,POINT (39.014 7.0001),1006
1007,2017,11,24,7.0016,39.08,1.0,1.0,0.0,0.0,0.0,0.0,POINT (39.08 7.0016),1007
1008,2017,11,24,7.0027,39.063,1.0,1.0,0.0,0.0,0.0,0.0,POINT (39.063 7.0027),1008
1009,2017,11,24,7.0034,39.042,1.0,1.0,0.0,0.0,0.0,0.0,POINT (39.042 7.0034),1009
1010,2017,11,24,7.0044,39.021,0.0,0.0,0.0,0.0,0.0,0.0,POINT (39.021 7.0044),1010
1011,2017,11,24,9.4532,39.382,0.0,0.0,3.0,3.0,0.0,0.0,POINT (39.382 9.4532),1011
1012,2017,11,24,9.5559,39.48,0.0,0.0,1.0,2.0,0.0,0.0,POINT (39.48 9.5559),1012
1013,2017,11,24,9.6194,39.369,0.0,0.0,3.0,3.0,0.0,0.0,POINT (39.369 9.6194),1013
1014,2017,11,24,9.6558,39.397,0.0,0.0,2.0,3.0,0.0,0.0,POINT (39.397 9.6558),1014
1015,2017,11,24,9.6873,39.272,0.0,0.0,2.0,3.0,3.0,3.0,POINT (39.272 9.6873),1015
1016,2017,11,24,9.7391,39.219,0.0,0.0,1.0,2.0,,,POINT (39.219 9.7391),1016
1017,2017,11,24,9.7861,39.046,0.0,0.0,1.0,1.0,0.0,0.0,POINT (39.046 9.7861),1017
1018,2017,11,24,9.7863,38.063,0.0,0.0,1.0,2.0,0.0,0.0,POINT (38.063 9.7863),1018
1019,2017,11,24,9.7884,39.188,0.0,0.0,3.0,3.0,0.0,0.0,POINT (39.188 9.7884),1019
1020,2017,11,24,9.8384,39.21,0.0,0.0,2.0,2.0,0.0,0.0,POINT (39.21 9.8384),1020
1021,2017,11,24,9.8843,39.158,0.0,0.0,1.0,2.0,0.0,0.0,POINT (39.158 9.8843),1021
1022,2017,11,25,6.5504,39.104,0.0,0.0,2.0,3.0,0.0,0.0,POINT (39.104 6.5504),1022
1023,2017,11,25,6.5599,39.107,0.0,0.0,2.0,3.0,0.0,0.0,POINT (39.107 6.5599),1023
1024,2017,11,25,6.5727,39.109,0.0,0.0,0.0,0.0,0.0,0.0,POINT (39.109 6.5727),1024
1025,2017,11,25,6.5963,39.117,0.0,0.0,0.0,0.0,0.0,0.0,POINT (39.117 6.5963),1025
1026,2017,11,25,6.598,39.168,1.0,1.0,0.0,0.0,0.0,0.0,POINT (39.168 6.598),1026
1027,2017,11,25,7.0029,39.122,0.0,0.0,0.0,0.0,0.0,0.0,POINT (39.122 7.0029),1027
1028,2017,11,25,7.0122,39.122,0.0,0.0,1.0,3.0,0.0,0.0,POINT (39.122 7.0122),1028
1029,2017,11,25,7.0221,39.161,0.0,0.0,0.0,0.0,0.0,0.0,POINT (39.161 7.0221),1029
1030,2017,11,25,7.0224,39.129,0.0,0.0,0.0,0.0,0.0,0.0,POINT (39.129 7.0224),1030
1031,2017,11,25,7.0312,39.103,0.0,0.0,0.0,0.0,0.0,0.0,POINT (39.103 7.0312),1031
1032,2017,11,26,6.5726,39.232,0.0,0.0,1.0,1.0,0.0,0.0,POINT (39.232 6.5726),1032
1033,2017,11,26,6.5819,39.228,1.0,1.0,1.0,2.0,0.0,0.0,POINT (39.228 6.5819),1033
1034,2017,11,26,6.5834,39.198,0.0,0.0,1.0,3.0,0.0,0.0,POINT (39.198 6.5834),1034
1035,2017,11,26,6.5933,39.196,0.0,0.0,2.0,3.0,0.0,0.0,POINT (39.196 6.5933),1035
1036,2017,11,26,6.5965,39.233,0.0,0.0,1.0,1.0,0.0,0.0,POINT (39.233 6.5965),1036
1037,2017,11,26,6.5968,39.225,0.0,0.0,0.0,0.0,0.0,0.0,POINT (39.225 6.5968),1037
1038,2017,11,26,7.0011,39.202,0.0,0.0,0.0,0.0,0.0,0.0,POINT (39.202 7.0011),1038
1039,2017,11,26,7.0152,39.23,0.0,0.0,1.0,1.0,0.0,0.0,POINT (39.23 7.0152),1039
1040,2017,11,26,7.0161,39.271,0.0,0.0,0.0,0.0,0.0,0.0,POINT (39.271 7.0161),1040
1041,2017,11,26,7.027,39.22,0.0,0.0,0.0,0.0,0.0,0.0,POINT (39.22 7.027),1041
1042,2017,11,26,7.0302,39.287,0.0,0.0,1.0,1.0,0.0,0.0,POINT (39.287 7.0302),1042
1043,2017,11,26,7.0403,39.277,0.0,0.0,1.0,3.0,0.0,0.0,POINT (39.277 7.0403),1043
1044,2017,11,27,11.694,38.775,0.0,0.0,0.0,0.0,0.0,0.0,POINT (38.775 11.694),1044
1045,2017,11,28,11.599,38.965,,,2.0,3.0,,,POINT (38.965 11.599),1045
1046,2017,11,29,10.747,38.742,1.0,1.0,1.0,3.0,,,POINT (38.742 10.747),1046
1047,2017,11,29,11.813,38.58,,,1.0,3.0,,,POINT (38.58 11.813),1047
